,HN00157641_AMT60212,HN00157641_CPP6002,HN00158226_AMT-62212,HN00158226_AMT-62411,HN00158226_AMT-86116,HN00158226_AMT-912711,HN00158226_F1493,HN00158226_GS200142,HN00158226_K200742,HN00158226_TJ3-03,HN00160728_K40318,HN00161493_KY0014,HN00163376_AMT88628,HN00163376_FA111,HN00167634_C4-2,HN00167634_CPP0006,HN00167634_K200347,HN00171167_F3034,HN00171167_F3035,HN00171167_F3039,HN00171167_F3062,HN00171167_F3071,HN00173995_F3121,HN00173995_F3303,HN00173995_F3309,HN00173995_MK3-11,HN00173995_MK3-15,HN00173995_MK7-12,HN00173995_MK7-50,HN00173995_T10-36,HN00173995_T10-42,HN00175004_F3085,HN00175004_F3276,HN00175004_GS00019,HN00175004_GS00024,HN00175004_GS00026,HN00175004_MK2-49,HN00175486_F1015,HN00175486_F1049,HN00175486_F1319,HN00175486_F1320,HN00175486_F1321,HN00175486_F1331,HN00175486_F1340,HN00175486_F3127,HN00175486_F3142,HN00175486_F3161,HN00175486_F3168,HN00175486_F3177,HN00175486_F3230,HN00175486_F3232,HN00175486_GS00022,HN00175796_F3300,HN00175796_F3301,HN00175796_F3306,HN00175796_F3307,HN00175796_F3369,HN00175796_F3370,HN00175796_F3371,HN00175796_F3378,HN00175796_F3454,HN00175796_F3461,HN00175796_F3466,HN00175796_GS201401,HN00175796_GS201402,HN00175796_GS41424,HN00175796_GS41425,HN00176442_F3372,HN00176442_GS40304,HN00176442_GS40306,HN00176442_GS41429,HN00176442_GSY0003,HN00176442_GSY0007,HN00176442_GSY0017,HN00179262_F4055,HN00179262_F4206,HN00179262_F4454,HN00179328_F2309-1,HN00179328_F2317,HN00179328_K040706,HN00179328_KMGR2-43,HN00180670_CHKJ1115-02,HN00180670_CHKJ1127,HN00180670_CHKJ1223-2,HN00180670_F2080,HN00180670_F2121,HN00180670_K40327,HN00180670_MK1-10,HN00180670_MK1-12,HN00180670_MK1-13,HN00180670_MK1-18,HN00180670_MK1-34,HN00180670_MK1-9,HN00180670_MK2-12,HN00180670_MK2-3,HN00180670_MK2-6,HN00195341_AMT-61016,HN00195341_CHKJ1253026,HN00195341_DK250101,HN00195341_DK250105,HN00195341_DK250126,HN00195341_DK250312,HN00195341_DK50004,HN00195341_DK50032,HN00195341_G2-10,HN00195341_G3-29,HN00195341_JJ1-135,HN00196390_AMT-60411,HN00196390_CHKJ1122,HN00196390_DK250125,HN00196390_F2132,HN00196390_F2151,HN00196390_K200109,HN00196390_K200234,HN00196390_K40028,HN00196390_K40049,HN00196390_KFT18,HN00196822_AMT-60612,HN00196822_AMT-86113,HN00196822_K200228,HN00196822_K40725,HN00200515_AMT-62920,HN00200515_AMT-73813,HN00200515_AMT-74226,HN00200515_DKM250103,HN00200515_GS00003,HN00200515_GS00008,HN00200515_GS00049,HN00200515_GS200102,HN00200515_GS200141,HN00200515_K40006,HN00200515_KY0001,HN00200515_KY0017,HN00200749_GS00038,HN00200749_K200115,HN00200749_K42834,HN00200749_KK200119,HN00200749_MK2-46,HN00200749_T10-11,HN00203775_CHKJ1253002,HN00203775_F2100,HN00203775_F4043,HN00203775_F4202,HN00203775_F4207,HN00204805_CHKJ1211-1,HN00204805_F1208,HN00204805_F1249-1,HN00204805_FA0221,HN00215192_CH2-11,HN00222446_AMT-87013,HN00222446_AMT73616,HN00222446_CH2-30,HN00222446_CHKJ1408,HN00222446_FA0107,HN00222446_FA0422,HN00222446_FA0508,HN00222446_GS40726,HN00222446_GSY0035,HN00222446_JJ1-101,HN00222446_KO11-19,HN00222446_Sea08-36,HN00222446_T1-19,HN00223109_AMT-912213,HN00223109_MK1-41,HN00223109_T7-42,HN00223109_TPP6047,HN00226248_AMT-63123,HN00226248_TPP3038,HN00234071_Bifi-B2104,HN00251139_BGIL25015,HN00251139_BGIL25041,HN00251139_BJS25001,HN00251139_BJS25005,HN00251139_BJS25013,HN00251139_BJS25028,HN00251139_BJS25031,HN00251139_BJS25032,HN00251139_BMX25005,HN00251139_BMX25007,HN00251139_BTH25001,HN00251139_BTH25041,HN00251139_KCUT25010,HN00251139_KJS25013,HN00251139_KJS25018,HN00251139_KJS25024,HN00251139_KJS25025,HN00251139_KYF25002,HN00252244_BMX25010,HN00280011_AMT-60913,HN00280011_AMT-62814-2,HN00280011_AMT-74420,HN00280011_AMT-913617,HN00280011_BEG25026,HN00280011_BGIL25058,HN00280011_BSO25040,HN00280011_C3-36,HN00280011_C4-50,HN00280011_CHKJ1253001,HN00280011_CHKJ153021-2,HN00280011_F1016,HN00280011_F1169-1,HN00280011_F2153,HN00280011_GS00031,HN00280011_KCUT25001,HN00280011_KCUT25011,HN00280011_KCUT25019,HN00280011_KCUT25026,HN00280011_KJS25004,HN00280011_KJS25048,HN00280011_KK200214,HN00280011_KYF25005,HN00280011_L11-28,HN00280011_L11-30,HN00280011_Sea9-11,HN00281774_BMX25006,HN00281774_BSO25019,HN00281774_BSO25044,HN00281774_C4-31,HN00281774_KRS25004,HN00281774_Sea9-10
HN00157641_AMT60212,100.0,,,83.15845,,,,,,,,,99.0663,,,,,,,,,,,,,,,,,,,,,,,,,,,,,,,,,,,,,,,,,,,,,,,,,,,98.60675,98.58335,,,,,,,,,,,,,,,,,,,,,,,,,,,,,,,,,,,,98.63884999999999,98.6023,98.65255,,,,,,,,,,,,,,,,,,98.7661,,,99.09055000000001,,,,,,,,98.8326,,,,,,,99.6708,,,99.17675,,,,,,,,,99.9964,,,,,,,,,,,,,,,,99.98555,,,,,,,,,,,,,,,,,,,,,,98.7033,,99.08160000000001,,,,,,,,,,,,,,,,,,,,,,,,,,,,,
HN00157641_CPP6002,,100.0,,,,,,,,,,,,81.19255000000001,,93.79390000000001,,79.0299,,,,,,99.23165,,,,,,,,,78.74695,,,,,,,81.138,81.06055,81.0908,97.47205,81.0648,,,81.07095000000001,78.9044,,,,,99.24475000000001,,78.95265,,78.92265,78.8973,78.6488,,,81.2164,98.3739,,,98.5272,,,,,,,81.0862,98.51185000000001,,,78.76955,,,,,,,,,,,,,,,,,,,,,81.2273,,,,,,,,,,,,,97.62235,97.53315,,,,,,,,,,,,,,,,,,,,,,,,,,,,81.19095,,,,,,,98.554,80.80245,,,,,79.03395,97.628,97.54665,,,98.50425,,,,81.01555,,,,99.16290000000001,,99.20230000000001,,,,,,,,,,,,,,,,,,,,,,,,,,,,,,81.1902,78.929,,,97.6322,,,,,,,,,,,,,,,81.11915,,,
HN00158226_AMT-62212,,,100.0,,,,,,,,,,,,,,,,,,,,,,,,,,,,,,,99.1131,,,,,,,,,,,,,,,,,,,,,,,,,,,,,,,,,,,,,99.17375,,,,,,,,,,,,,,,,,,,,,,,,,,99.02350000000001,,,,,,,98.9171,,,,,,,,,,,,,,,,,,,,,,99.138,,,99.09725,,,,,99.13059999999999,,,,,,,,,,,,,,,,,,,,,,,99.08535,,,,,,,,,,,,,,,,,,,,,,,,,,,,,,,,,,,,,,,,,,,,,,99.1157,,,,,,,,,,,,,,,,,
HN00158226_AMT-62411,83.15845,,,100.0,,,,,,,,,82.99905000000001,,,,,,,,,,,,,,,,,,,,,,,,,,,,,,,,,,,,,,,,,,,,,,,,,,,83.34604999999999,83.33165,,,,,,,,,,,,,,,,,,,,,,,,,,,,,,,,,,,,83.32675,83.27745,83.2907,,,,,,,,,,,,,,,,,,82.9983,,,82.95835,,,,,,,,83.0595,,,,,,,82.85575,,,82.9074,,,,,,,,,83.1371,,,,,,,,,,,,,,,,83.2453,,,,,,,,,,,,,,,,,,,,,,83.12219999999999,,83.0315,,,,,,,,,,,,,,,,,,,,,,,,,,,,,
HN00158226_AMT-86116,,,,,100.0,,,,,,,,,,,,,,,,,,,,,,,,,,,,,,,,,,,,,,,,,,,,,,,,,,,,,,,,,,,,,,,,,,,,,,,,,,,,,,,,,,,,,,,,,,,,,,83.20519999999999,,,,,,,,,,,97.8843,,,83.1497,,,,,,83.25355,,,,,,,,83.36085,,,,83.18325,,80.607,,,,,,,,,,,,,,,,,,,,,,,,,,,,,,82.97165,,,,,,,,,,,,,,,,,,,,,,,,,,,80.7118,,,,,,,,,,,,,,,,,,,,,,,,,,,,,,
HN00158226_AMT-912711,,,,,,100.0,,,,,,,,,,,,,,,,,,,,,,,,,,,,,,,,,,,,,,,,,,,,,,,,,,,,,,,,,,,,,,,94.23265,,,,,,,,,,,,,,,,,,,,,,,,,,,,,,,99.9998,,,,,,94.09625,,98.7317,,,,,,,,,,,,,,,,,94.0363,,,,,,,,,,,,,,,,,,,,,,,,,93.89789999999999,,,,,,,,,,,,,,,,,,,,,,,,,,,,,,,,,,,,,,,,,,,,,,,,,,,,,,,,,,,,79.3169,,,,,,,,,,
HN00158226_F1493,,,,,,,100.0,,,80.47995,,,,,,,,,,,,,,,,,,,,,98.4239,,,,,,,,,,,,,,,,,,,,,,,,,,,,,,,,,,,,,,,,,,,,,98.24215000000001,,,,,,,,,,,,,,,,,,,,,,,,,,,,,80.17485,,99.9999,,,,,,,,,,,,,,,,80.16329999999999,,,,,,,,,,,,,,,,,,,,,98.18584999999999,,,,,,,,,,,,,,,,,,,,,98.37495,,,,,,,,,,,,,,,,,,,,,,,,,,,,,,,,,,,,,,,,,,,,,,,,,,,,,,,
HN00158226_GS200142,,,,,,,,100.0,,,,,,,,,83.1954,,,,,,,,,,,,,,,,,,,,,,,,,,,,,,,,,,,,,,,,,,,,,,,,,,,,,,,,,,,,,,,98.8065,,,,,,,,,,,,,,,,,,,,,,,,,,,,,,,,,,83.78175,,98.70205,,82.8973,,,,97.70955000000001,,,,,,,,99.35355,,,,,98.73765,83.7439,,,,,,,,,,,,,,,,,,,,,,,,,,,,,,,,,,,,,,,,,,,,,,,,,,,,,,,,,,,,,,,,,,,,,,,,,,,,,,,,,,,,
HN00158226_K200742,,,,,,,,,100.0,,,98.4153,,,,,,,,,,,,,,,,,,,,,,,,,,,,,,,,,,,,,,,,,,,,,,,,,,,,,,,,,,,,,,,,,,,,,,,,,,,,,,,,,,,,,,,,,,,,,,,,,,,,,,,,,,,,,,,,,,,,,,,,,,,,,,,,,,,,,,,,,,,,,,,,,,,,,,,,,,,,,,,,,,,,,,,,,,,,,,,,,,,,,,,,,,,,,,,,,,,,,,,,,,,,,,,,
HN00158226_TJ3-03,,,,,,,80.47995,,,100.0,,,,,,,,,,,,,,,,,,,,,80.72975,,,,,,,,,,,,,,,,,,,,,,,,,,,,,,,,,,,,,,,,,,,,,81.06,,,,,,,,,,,,,,,,,,,,,,,,,,,,,98.30125000000001,,80.63465,,,,,,,,,,,,,,,,98.1738,,,,,,,,,,,,,,,,,,,,,80.9234,,,,,,,,,,,,,,,,,,,,,80.8823,,,,,,,,,,,,,,,,,,,,,,,,,,,,,,,,,,,,,,,,,,,,,,,,,,,,,,,
HN00160728_K40318,,,,,,,,,,,100.0,,,,,,,,,,,,,,,,,,,,,,,,97.82045,,,,,,,,,,,,,,,,,,,,,,,,,,,,,,,,,,,,,,,,,,,,,,98.71475000000001,,,,,,,,,,,,,,,,,,,,,,,,,,,,,,,,,,99.99510000000001,,,,,98.7677,,,,,,,,97.56195,,,,,,,,,98.68105,79.84835000000001,,,,,,,,,,,,,,,,,,,,,,,,,,,,,,,,,,,,,,,,,,,,,,,,,,,,,,,,,,,,,,,,,,,,,,,,,,,,,,,,,,
HN00161493_KY0014,,,,,,,,,98.4153,,,100.0,,,,,,,,,,,,,,,,,,,,,,,,,,,,,,,,,,,,,,,,,,,,,,,,,,,,,,,,,,,,,,,,,,,,,,,,,,,,,,,,,,,,,,,,,,,,,,,,,,,,,,,,,,,,,,,,,,,,,,,,,,,,,,,,,,,,,,,,,,,,,,,,,,,,,,,,,,,,,,,,,,,,,,,,,,,,,,,,,,,,,,,,,,,,,,,,,,,,,,,,,,,,,,,,
HN00163376_AMT88628,99.0663,,,82.99905000000001,,,,,,,,,100.0,,,,,,,,,,,,,,,,,,,,,,,,,,,,,,,,,,,,,,,,,,,,,,,,,,,98.66470000000001,98.67005,,,,,,,,,,,,,,,,,,,,,,,,,,,,,,,,,,,,98.577,98.6443,98.6458,,,,,,,,,,,,,,,,,,98.84360000000001,,,99.69375,,,,,,,,98.88095,,,,,,,99.21955,,,99.07724999999999,,,,,,,,,99.03405000000001,,,,,,,,,,,,,,,,99.0937,,,,,,,,,,,,,,,,,,,,,,98.75635,,99.00095,,,,,,,,,,,,,,,,,,,,,,,,,,,,,
HN00163376_FA111,,81.19255000000001,,,,,,,,,,,,100.0,,81.21785,,79.00534999999999,,,,78.8375,,81.3128,,,,,,,,,79.1011,,,,,,,97.95779999999999,98.0769,98.0218,81.22135,98.01044999999999,,,98.4358,79.0964,,,,78.7791,81.25205,,78.9756,,79.1808,78.91839999999999,79.10115,,,98.13635,81.2764,,,81.24664999999999,,,,,,78.7744,98.47515,81.20920000000001,,,79.1,,,,,,,,,,,,,,,,,,,,,98.4699,,,,,,,,,,,,,81.31030000000001,81.3591,,,,,,,,,,,,,,,,,,,,,,,,,,,,98.5249,,,,,,,81.25025,81.74565000000001,,,,,79.27785,81.23995,81.2259,,,81.2126,,,,98.16265,,,,81.31665000000001,,81.0381,,,,,,,,,,,,,,,,,,,,,,,,,,,,,,98.5078,79.31445,,,81.18535,,,,,,,,,,,,,,,98.3365,,,
HN00167634_C4-2,,,,,,,,,,,,,,,100.0,,,,,,,,,,91.5228,,,,,,,,,,,,,,,,,,,,,,,,,,,,,,,,,,,95.92375,,,,,,,,,,91.42699999999999,,,,,,,,,,,,,,,,,,,,,,,,,,,,,,,,,,,,,,,,,,,,,,,,,,,,,,,,,,,,,,,,,,,,,,,,,,,94.9417,,,,,,,,,,,,,,,,,,,,,,,,,,,,,,,,,,,,,,,,,,,,,,,,,,,,,,,,,,,,,,,,,,,,,90.69980000000001,,,,,,
HN00167634_CPP0006,,93.79390000000001,,,,,,,,,,,,81.21785,,100.0,,78.9919,,,,,,93.88735,,,,,,,,,78.80565,,,,,,,81.0281,80.934,81.04555,93.92490000000001,81.0514,,,80.9598,79.25829999999999,,,,,93.86735,,79.1404,,79.143,79.0861,78.7723,,,81.02895,93.9906,,,93.94365,,,,,,,80.95835,93.95515,,,79.0454,,,,,,,,,,,,,,,,,,,,,81.01035,,,,,,,,,,,,,93.98595,93.94955,,,,,,,,,,,,,,,,,,,,,,,,,,,,81.05529999999999,,,,,,,93.92095,80.8099,,,,,79.1934,93.9764,93.90469999999999,,,93.94975,,,,80.91395,,,,93.8617,,93.89195000000001,,,,,,,,,,,,,,,,,,,,,,,,,,,,,,81.14815,79.1942,,,93.9876,,,,,,,,,,,,,,,81.05555,,,
HN00167634_K200347,,,,,,,,83.1954,,,,,,,,,100.0,,,,,,,,,,,,,,,,,,,,,,,,,,,,,,,,,,,,,,,,,,,,,,,,,,,,,,,,,,,,,,,83.42339999999999,,,,,,,,,,,,,,,,,,,,,,,,,,,,,,,,,,99.2033,,83.25880000000001,,99.21965,,,,83.2646,,,,,,,,83.2635,,,,,83.3835,98.9247,,,,,,,,,,,,,,,,,,,,,,,,,,,,,,,,,,,,,,,,,,,,,,,,,,,,,,,,,,,,,,,,,,,,,,,,,,,,,,,,,,,,
HN00171167_F3034,,79.0299,,,,,,,,,,,,79.00534999999999,,78.9919,,100.0,,,,,,78.89985,,,,,,,,,86.31015,,,,,,,78.9906,79.07515000000001,79.0061,78.91915,79.1339,,,79.03225,83.16499999999999,,,,,78.96665,,83.16845,,99.7636,99.64269999999999,86.2927,,,79.00305,78.89635,,,79.19655,,,,,,,79.1729,79.17009999999999,,,83.2092,,,,,,,,,,,,,,,,,,,,,79.0164,,,,,,,,,,,,,78.85475,79.02135,,,,,,,,,,,,,,,,,,,,,,,,,,,,79.07345000000001,,,,,,,79.04275000000001,78.7536,,,,,83.12675,78.9399,78.85895,,,79.0823,,,,79.01075,,,,78.8777,,79.05175,,,,,,,,,,,,,,,,,,,,,,,,,,,,,,79.1225,83.04650000000001,,,78.99125000000001,,,,,,,,,,,,,,,79.00874999999999,,,
HN00171167_F3035,,,,,,,,,,,,,,,,,,,100.0,89.27215,98.34030000000001,89.29855,89.16284999999999,,,,,,,,,98.351,,,,98.35650000000001,,,,,,,,,,89.19739999999999,,,,98.01625,,89.21979999999999,,89.20935,,98.0036,,,,,98.2995,,,,,,89.26595,,,,,89.26419999999999,,,,,,97.98849999999999,89.27414999999999,,,,,,,,,,,,,,,,,,,,,,,,,,,,,,,,,,,,,,,,,,,,,,,,,,,,,,,,,,,,,,,,,,,,,78.6947,,,,,,,,,,,,,,,,,,,,,,,,,,,,,,,,,,,,,,,,,,,,,,,,,,,,,,,,,,89.36925,,,,,,,,,,,,,,
HN00171167_F3039,,,,,,,,,,,,,,,,,,,89.27215,100.0,89.2173,96.0582,91.65445,,,,,,,,,89.30435,,,,89.29665,,,,,,,,,,91.63645,78.9031,,,89.28720000000001,,97.321,,97.34835000000001,,89.3005,,,,,89.26775,,,,,,96.05675,,,,,97.3049,78.6229,,,,,89.28555,96.0307,,,,,,,,,,,,,,,,,,,,,,,,,,,,,,,,,,,,,,,,,,,,,,,,,,,,,,,,,,,,,,,,,,,,,78.5744,,,,,,,,,,,,,,,,,,,,,,,,,,,,,,,,,,,,,,,,,,,,,,,,,,,,,,,,,,92.23935,,,,,,,,,,,79.2196,,,
HN00171167_F3062,,,,,,,,,,,,,,,,,,,98.34030000000001,89.2173,100.0,89.31020000000001,89.21485,,,,,,,,,98.2351,,,,98.27025,,,,,,,,,,89.28014999999999,,,,97.96029999999999,,89.2774,,89.23405,,97.93635,,,,,98.22905,,,,,,89.2604,,,,,89.263,,,,,,98.1459,89.29185000000001,,,,,,,,,,,,,,,,,,,,,,,,,,,,,,,,,,,,,,,,,,,,,,,,,,,,,,,,,,,,,,,,,,,,,78.6205,,,,,,,,,,,,,,,,,,,,,,,,,,,,,,,,,,,,,,,,,,,,,,,,,,,,,,,,,,89.42795,,,,,,,,,,,,,,
HN00171167_F3071,,,,,,,,,,,,,,78.8375,,,,,89.29855,96.0582,89.31020000000001,100.0,91.5813,,,,,,,,,89.33415,,,,89.32175000000001,,,,,78.75335,,,,,91.5813,,,,89.32284999999999,,96.18895,,96.14045,,89.34565,,,,,89.35565,78.8692,,,,,98.62585,,,,,96.10745,78.5183,,,,,89.26595,98.61305,,,,,,,,,,,,,,,,,,,79.0745,,,,,,,,,,,,,,,,,,,,,,,,,,,,,,,,,,,,,,,,,,79.0811,,,,,,,,78.6753,,,,,,,,,,,,,,,,,,,,,,,,,,,,,,,,,,,,,,,,,,,,,,,,,,79.0623,,,,,,,,92.15875,,,,,,,,,,,79.0062,,,
HN00173995_F3121,,,,,,,,,,,,,,,,,,,89.16284999999999,91.65445,89.21485,91.5813,100.0,,,,,,,,,89.2261,,,,89.2684,,,,,,,,,,99.048,,,,89.22319999999999,,91.5671,,91.5468,,89.2809,,,,,89.19460000000001,,,,,,91.55565,,,,,91.58234999999999,,,,,,89.26405,91.564,,,,,,,,,,,,,,,,,,,,,,,,,,,,,,,,,,,,,,,,,,,,,,,,,,,,,,,,,,,,,,,,,,,,,78.6044,,,,,,,,,,,,,,,,,,,,,,,,,,,,,,,,,,,,,,,,,,,,,,,,,,,,,,,,,,95.40805,,,,,,,,,,,,,,
HN00173995_F3303,,99.23165,,,,,,,,,,,,81.3128,,93.88735,,78.89985,,,,,,100.0,,,,,,,,,78.90315,,,,,,,81.21745,81.1593,81.1548,97.53495,81.0942,,,81.08725,78.916,,,,,99.9999,,78.89555,,78.96945,78.85045,78.8582,,,81.1311,98.35965,,,98.4825,,,,,,,81.24535,98.48235,,,78.74305,,,,,,,,,,,,,,,,,,,,,81.26595,,,,,,,,,,,,,97.63685000000001,97.52305,,,,,,,,,,,,,,,,,,,,,,,,,,,,81.2521,,,,,,,98.56620000000001,80.64269999999999,,,,,78.9191,97.61930000000001,97.6177,,,98.43095,,,,81.16315,,,,99.29565,,99.36795000000001,,,,,,,,,,,,,,,,,,,,,,,,,,,,,,81.27765,78.77185,,,97.6323,,,,,,,,,,,,,,,81.11955,,,
HN00173995_F3309,,,,,,,,,,,,,,,91.5228,,,,,,,,,,100.0,,,,,,,,,,,,,,,,,,,,,,,,,,,,,,,,,,,91.55815,,,,,,,,,,95.88185,,,,,,,,,,,,,,,,,,,,,,,,,,,,,,,,,,,,,,,,,,,,,,,,,,,,,,,,,,,,,,,,,,,,,,,,,,,91.94295,,,,,,,,,,,,,,,,,,,,,,,,,,,,,,,,,,,,,,,,,,,,,,,,,,,,,,,,,,,,,,,,,,,,,91.5511,,,,,,
HN00173995_MK3-11,,,,,,,,,,,,,,,,,,,,,,,,,,100.0,,,,,,,,,,,,,,,,,,,,,,,,,,,,,,,,,,,,,,,,,,,,,,,,,,,,,,,,,,,,,,,,,,,,,,,,,,,,,,,,,,,,,,,,,,,,,,,,,,,,,,,,,,,,,,,,,,,,,,,,,,,,,,,,,,,,,,,,,,,,,,,,,,,,,,,,,,,,,,,,,,,,,,,,,,,,,,,,,,,,,,,,,,,,,,,,,,
HN00173995_MK3-15,,,,,,,,,,,,,,,,,,,,,,,,,,,100.0,,,,,,,,,,,,,,,,,,,,,,,,,,,,,,,,,,,,,,,,,,,,,,,,,,,,,,,,,,,,,,,,,,,,,,,,,,,,,,,,,,,,,,,,,,,,,,,,,,,,,,,,,,,,,,,,,,,,,,,,,,,,,,,,,,,,,,,,,,,,,,,,,,,,,,,79.3607,,,,,,,,,,,,,,,,,,,,,,,,,,,,,,,,,,,,,,,,,,
HN00173995_MK7-12,,,,,,,,,,,,,,,,,,,,,,,,,,,,100.0,,79.15645,,,,,,,,,,,,,,,,,,,,,,,,,,,,,,,,,,,,,,78.06805,,,,,,,,,,,,,,,,,,,,,,,,,,,,,,,,,,,,,,,,,,,,,,,,,,,,,,,,,,,,,,,,,,,,,,,,,,,,,,,,,,,,,,,,,,,98.41669999999999,,,,,,,,,,,,,,,77.1387,,,77.1737,,,,78.75045,,,,,77.70044999999999,77.51115,,,,,,,,,78.01804999999999,,,,,,,,,,,,,,,,,,,,,,78.75145,,
HN00173995_MK7-50,,,,,,,,,,,,,,,,,,,,,,,,,,,,,100.0,,,,,,,,,79.38955,78.6792,,,,,,79.55275,,,,79.6431,,,,,,,,,,,,,,,,,,,,,,,,,,,,,,,,,,,,,,,,,,,,,,,,,,,,,,,,,,,,,,,,,,,,,,,,,,,,,,,,,,,,,,,,,,,,,,,,,,,,,,,,,,,,,,,79.2017,,,,,,,,,,,,,,,,,,,,,,,,,,,,,,,,,,,,,,,,,,,,,,,,,,,,,,,,,,,,
HN00173995_T10-36,,,,,,,,,,,,,,,,,,,,,,,,,,,,79.15645,,100.0,,,,,,,,,,,,,,,,,,,,,,,,,,,,,,,,,,,,,,78.10765,,,,,,,,,,,,,,,,,,,,,,,,,,,,,,,,,,,,,,,,,,,,,,,,,,,,,,,,,,,,,,,,,,,,,,,,,,,,,,,,,,,,,,,,,,,79.2227,,,,,,,,,,,,,,,,,,,,,,79.52029999999999,,,,,,77.47300000000001,,,,,,,,,80.6799,,,,,,,,,,,,,,,,,,,,,,87.04955,,
HN00173995_T10-42,,,,,,,98.4239,,,80.72975,,,,,,,,,,,,,,,,,,,,,100.0,,,,,,,,,,,,,,,,,,,,,,,,,,,,,,,,,,,,,,,,,,,,,98.48155,,,,,,,,,,,,,,,,,,,,,,,,,,,,,80.7164,,98.3871,,,,,,,,,,,,,,,,80.9065,,,,,,,,,,,,,,,,,,,,,98.5442,,,,,,,,,,,,,,,,,,,,,99.9993,,,,,,,,,,,,,,,,,,,,,,,,,,,,,,,,,,,,,,,,,,,,,,,,,,,,,,,
HN00175004_F3085,,,,,,,,,,,,,,,,,,,98.351,89.30435,98.2351,89.33415,89.2261,,,,,,,,,100.0,,,,98.41399999999999,,,,,,,,,,89.18469999999999,,,,98.09595,,89.29025,,89.26315,,98.03915,,,,,98.5328,,,,,,89.2654,,,,,89.23400000000001,,,,,,97.9931,89.38395,,,,,,,,,,,,,,,,,,,,,,,,,,,,,,,,,,,,,,,,,,,,,,,,,,,,,,,,,,,,,,,,,,,,,78.4763,,,,,,,,,,,,,,,,,,,,,,,,,,,,,,,,,,,,,,,,,,,,,,,,,,,,,,,,,,89.39355,,,,,,,,,,,,,,
HN00175004_F3276,,78.74695,,,,,,,,,,,,79.1011,,78.80565,,86.31015,,,,,,78.90315,,,,,,,,,100.0,,,,,,,78.87275,79.0747,78.956,78.85220000000001,78.9337,,,78.9953,82.79079999999999,,,,,78.85714999999999,,82.67060000000001,,86.2304,86.51895,99.98935,,,79.06855,78.92555,,,78.8985,,,,,,,78.92475,78.89255,,,82.7864,,,,,,,,,,,,,,,,,,,,,78.8598,,,,,,,,,,,,,78.62945,78.9476,,,,,,,,,,,,,,,,,,,,,,,,,,,,78.96775,,,,,,,78.8446,79.00534999999999,,,,,82.8414,78.88210000000001,78.6448,,,78.9665,,,,79.0065,,,,78.74945,,78.9153,,,,,,,,,,,,,,,,,,,,,,,,,,,,,,78.9292,82.77680000000001,,,78.90525,,,,,,,,,,,,,,,79.04305,,,
HN00175004_GS00019,,,99.1131,,,,,,,,,,,,,,,,,,,,,,,,,,,,,,,100.0,,,,,,,,,,,,,,,,,,,,,,,,,,,,,,,,,,,,,99.99334999999999,,,,,,,,,,,,,,,,,,,,,,,,,,99.095,,,,,,,99.13435000000001,,,,,,,,,,,,,,,,,,,,,,99.99844999999999,,,99.99035,,,,,99.99655,,,,,,,,,,,,,,,,,,,,,,,99.99605,,,,,,,,,,,,,,,,,,,,,,,,,,,,,,,,,,,,,,,,,,,,,,99.99600000000001,,,,,,,,,,,,,,,,,
HN00175004_GS00024,,,,,,,,,,,97.82045,,,,,,,,,,,,,,,,,,,,,,,,100.0,,,,,,,,,,,,,,,,,,,,,,,,,,,,,,,,,,,,,,,,,,,,,,97.7832,,,,,,,,,,,,,,,,,,,,,,,,,,,,,,,,,,97.8413,,,,,97.69665,,,,,,,,97.47355,,,,,,,,,97.7656,79.47385,,,,,,,,,,,,,,,,,,,,,,,,,,,,,,,,,,,,,,,,,,,,,,,,,,,,,,,,,,,,,,,,,,,,,,,,,,,,,,,,,,
HN00175004_GS00026,,,,,,,,,,,,,,,,,,,98.35650000000001,89.29665,98.27025,89.32175000000001,89.2684,,,,,,,,,98.41399999999999,,,,100.0,,,,,,,,,,89.2842,,,,98.09675,,89.292,,89.27445,,98.0429,,,,,98.4705,,,,,,89.3039,,,,,89.28649999999999,,,,,,97.99995,89.333,,,,,,,,,,,,,,,,,,,,,,,,,,,,,,,,,,,,,,,,,,,,,,,,,,,,,,,,,,,,,,,,,,,,,78.7227,,,,,,,,,,,,,,,,,,,,,,,,,,,,,,,,,,,,,,,,,,,,,,,,,,,,,,,,,,89.40905,,,,,,,,,,,,,,
HN00175004_MK2-49,,,,,,,,,,,,,,,,,,,,,,,,,,,,,,,,,,,,,100.0,,,,,,,,,,,,,,,,,,,,,,,,,,,,,,,,,,,,,,,,,,,,,,,,,,,,,,,,,,,,,,,,,,,,,,,,,,,,,,,,,,,,,,,,,,,,,,,,,,,,,,,,,,,,,,,,,,,,,,,,,,,,,,,,,,,,,,,,,,,,,,,,,,,,,,,,,,,,,,,,,,,,,,,,,,,,,,,,,,,,,,,
HN00175486_F1015,,,,,,,,,,,,,,,,,,,,,,,,,,,,,79.38955,,,,,,,,,100.0,78.5477,,,,,,80.44685000000001,,,,80.02895000000001,,,,,,,,,,,,,,,,,,,,,,,,,,,,,,,,,,,,,,,,,,,,,,,,,,,,,,,,,,,,,,,,,,,,,,,,,,,,,,,,,,,,,,,,,,,,,,,,,,,,,,,,,,,,,,,80.3065,,,,,,,,,,,,,,,,,,,,,,,,,,,,,,,,,,,,,,,,,,,,,,,,,,,,,,,,,,,,
HN00175486_F1049,,,,,,,,,,,,,,,,,,,,,,,,,,,,,78.6792,,,,,,,,,78.5477,100.0,,,,,,,,,,,,,,,,,,,,,,,,,,,,,,,,,,,,,,,,,,,,,,,,,,,,,,,,,,,,,,,,,,,,,,,,,,,,,,,,,,,,,,,,,,,,,,,,,,,,,,,,,,,,,,,,,,,,,,,,,,,,,,,,,,,,,,,,,,,,,,,,,,,,,,,,,,,,,,,,,,,,,,,,,,,,,,,,,,,,,
HN00175486_F1319,,81.138,,,,,,,,,,,,97.95779999999999,,81.0281,,78.9906,,,,,,81.21745,,,,,,,,,78.87275,,,,,,,100.0,98.4608,98.77665,81.1992,98.94935000000001,,,97.98689999999999,79.19565,,,,,81.21324999999999,,79.03195,,79.2873,78.98125,78.83789999999999,,,97.80295000000001,81.16065,,,81.10015,,,,,,,98.03944999999999,81.14240000000001,,,79.19165,,,,,,,,,,,,,,,,,,,,,98.03295,,,,,,,,,,,,,81.43265,81.29845,,,,,,,,,,,,,,,,,,,,,,,,,,,,98.04375,,,,,,,81.17895,81.74995,,,,,79.2928,81.45155,81.5037,,,81.057,,,,98.45565,,,,81.0726,,81.06569999999999,,,,,,,,,,,,,,,,,,,,,,,,,,,,,,98.03345,79.3177,,,81.1473,,,,,,,,,,,,,,,97.95745,,,
HN00175486_F1320,,81.06055,,,,,,,,,,,,98.0769,,80.934,,79.07515000000001,,,,78.75335,,81.1593,,,,,,,,,79.0747,,,,,,,98.4608,100.0,98.53065000000001,81.08935,98.49175,,,98.1445,79.04095000000001,,,,,81.12905,,79.0261,,79.24064999999999,79.1345,78.96940000000001,,,98.0633,81.06825,,,81.1801,,,,,,,98.30965,81.11134999999999,,,78.9648,,,,,,,,,,,,,,,,,,,,,98.3375,,,,,,,,,,,,,81.3896,81.1966,,,,,,,,,,,,,,,,,,,,,,,,,,,,98.34865,,,,,,,81.1092,81.797,,,,,79.2481,81.26075,81.30245,,,81.08455000000001,,,,98.2376,,,,81.1137,,81.1056,,,,,,,,,,,,,,,,,,,,,,,,,,,,,,98.33109999999999,79.22030000000001,,,81.209,,,,,,,,,,,,,,,98.0935,,,
HN00175486_F1321,,81.0908,,,,,,,,,,,,98.0218,,81.04555,,79.0061,,,,,,81.1548,,,,,,,,,78.956,,,,,,,98.77665,98.53065000000001,100.0,81.24455,99.24125000000001,,,98.0435,79.19685,,,,,81.17105,,79.1215,,79.10025,79.0195,78.74115,,,97.86755,81.23570000000001,,,81.04655,,,,,,,98.10544999999999,81.07735,,,79.0153,,,,,,,,,,,,,,,,,,,,,98.1639,,,,,,,,,,,,,81.312,81.3302,,,,,,,,,,,,,,,,,,,,,,,,,,,,98.162,,,,,,,81.02279999999999,81.90799999999999,,,,,79.65254999999999,81.3212,81.29175000000001,,,81.15780000000001,,,,98.4027,,,,81.0181,,81.54625,,,,,,,,,,,,,,,,,,,,,,,,,,,,,,98.12705,79.52754999999999,,,81.1456,,,,,,,,,,,,,,,98.0604,,,
HN00175486_F1331,,97.47205,,,,,,,,,,,,81.22135,,93.92490000000001,,78.91915,,,,,,97.53495,,,,,,,,,78.85220000000001,,,,,,,81.1992,81.08935,81.24455,100.0,81.1132,,,81.1387,79.06465,,,,,97.5501,,78.92205,,78.9101,78.83155,78.8009,,,81.2149,97.53774999999999,,,97.6248,,,,,,,81.2034,97.6505,,,78.93525,,,,,,,,,,,,,,,,,,,,,81.2561,,,,,,,,,,,,,97.8516,98.86580000000001,,,,,,,,,,,,,,,,,,,,,,,,,,,,81.19274999999999,,,,,,,97.53645,80.85220000000001,,,,,78.9748,97.8903,97.83834999999999,,,97.48325,,,,81.07955,,,,97.5069,,97.52180000000001,,,,,,,,,,,,,,,,,,,,,,,,,,,,,,81.21585,78.88974999999999,,,97.89025000000001,,,,,,,,,,,,,,,81.19485,,,
HN00175486_F1340,,81.0648,,,,,,,,,,,,98.01044999999999,,81.0514,,79.1339,,,,,,81.0942,,,,,,,,,78.9337,,,,,,,98.94935000000001,98.49175,99.24125000000001,81.1132,100.0,,,97.96605,79.09115,,,,,81.09015,,78.99799999999999,,79.27985,79.0471,78.799,,,97.8513,81.20135,,,81.03665000000001,,,,,,,98.09495,80.999,,,78.93035,,,,,,,,,,,,,,,,,,,,,98.15735000000001,,,,,,,,,,,,,81.39155,81.22175,,,,,,,,,,,,,,,,,,,,,,,,,,,,98.13845,,,,,,,81.14155,81.87145,,,,,79.63560000000001,81.35935,81.42105000000001,,,81.23805,,,,98.3681,,,,81.03805,,81.64410000000001,,,,,,,,,,,,,,,,,,,,,,,,,,,,,,98.11645,79.57215,,,81.21430000000001,,,,,,,,,,,,,,,98.01815,,,
HN00175486_F3127,,,,,,,,,,,,,,,,,,,,,,,,,,,,,79.55275,,,,,,,,,80.44685000000001,,,,,,,100.0,,,,80.7099,,,,,,,,,,,,,,,,,,,,,,,,,,,,,,,,,,,,,,,,,,,,,,,,,,,,,,,,,,,,,,,,,,,,,,,,,,,,,,,,,,,,,,,,,,,,,,,,,,,,,,,,,,,,,,,81.62655,,,,,,,,,,,,,,,,,,,,,,,,,,,,,,,,,,,,,,,,,,,,,,,,,,,,,,,,,,,,
HN00175486_F3142,,,,,,,,,,,,,,,,,,,89.19739999999999,91.63645,89.28014999999999,91.5813,99.048,,,,,,,,,89.18469999999999,,,,89.2842,,,,,,,,,,100.0,,,,89.2839,,91.56795,,91.5498,,89.26554999999999,,,,,89.1549,,,,,,91.57374999999999,,,,,91.54905,,,,,,89.1978,91.5506,,,,,,,,,,,,,,,,,,,,,,,,,,,,,,,,,,,,,,,,,,,,,,,,,,,,,,,,,,,,,,,,,,,,,78.7065,,,,,,,,,,,,,,,,,,,,,,,,,,,,,,,,,,,,,,,,,,,,,,,,,,,,,,,,,,95.3997,,,,,,,,,,,,,,
HN00175486_F3161,,81.07095000000001,,,,,,,,,,,,98.4358,,80.9598,,79.03225,,78.9031,,,,81.08725,,,,,,,,,78.9953,,,,,,,97.98689999999999,98.1445,98.0435,81.1387,97.96605,,,100.0,79.37665,,,,,81.13535,,79.22215,,79.15965,79.01835,78.99605,,,98.39045,81.16105,,,81.0864,,,,,,,98.45485,81.0994,,,79.1534,,,,,,,,,,,,,,,,,,,,,98.53715,,,,,,,,,,,,,81.1591,81.1104,,,,,,,,,,,,,,,,,,,,,,,,,,,,98.5655,,,,,,,81.08465,81.82735,,,,,79.51345,81.22565,81.2165,,,81.12195,,,,98.7703,,,,81.1035,,80.9554,,,,,,,,,,,,,,,,,,,,,,,,,,,,,,98.55655,79.60715,,,81.0234,,,,,,,,,,,,,,,98.22995,,,
HN00175486_F3168,,78.9044,,,,,,,,,,,,79.0964,,79.25829999999999,,83.16499999999999,,,,,,78.916,,,,,,,,,82.79079999999999,,,,,,,79.19565,79.04095000000001,79.19685,79.06465,79.09115,,,79.37665,100.0,,,,,78.7858,,99.03954999999999,,83.24735,83.4152,82.78659999999999,,,79.25014999999999,78.83095,,,79.1192,,,,,,,79.1688,79.1192,,,100.0,,,,,,,,,,,,,,,,,,,,,79.01650000000001,,,,,,,,,,,,,78.99539999999999,79.02595,,,,,,,,,,,,,,,,,,,,,,,,,,,,79.1577,,,,,,,78.8763,79.19624999999999,,,,,98.6664,79.04339999999999,78.96709999999999,,,78.93084999999999,,,,79.45615000000001,,,,78.88135,,78.95935,,,,,,,,,,,,,,,,,,,,,,,,,,,,,,79.19935000000001,98.67605,,,79.03345,,,,,,,,,,,,,,,79.0783,,,
HN00175486_F3177,,,,,,,,,,,,,,,,,,,,,,,,,,,,,79.6431,,,,,,,,,80.02895000000001,,,,,,,80.7099,,,,100.0,,,,,,,,,,,,,,,,,,,,,,,,,,,,,,,,,,,,,,,,,,,,,,,,,,,,,,,,,,,,,,,,,,,,,,,,,,,,,,,,,,,,,,,,,,,,,,,,,,,,,,,,,,,,,,,80.68530000000001,,,,,,,,,,,,,,,,,,,,,,,,,,,,,,,,,,,,,,,,,,,,,,,,,,,,,,,,,,,,
HN00175486_F3230,,,,,,,,,,,,,,,,,,,98.01625,89.28720000000001,97.96029999999999,89.32284999999999,89.22319999999999,,,,,,,,,98.09595,,,,98.09675,,,,,,,,,,89.2839,,,,100.0,,89.31,,89.24934999999999,,98.83064999999999,,,,,98.11085,,,,,,89.3861,,,,,89.29679999999999,,,,,,97.77755,89.32749999999999,,,,,,,,,,,,,,,,,,,,,,,,,,,,,,,,,,,,,,,,,,,,,,,,,,,,,,,,,,,,,,,,,,,,,,,,,,,,,,,,,,,,,,,,,,,,,,,,,,,,,,,,,,,,,,,,,,,,,,,,,,,,,,,89.48675,,,,,,,,,,,,,,
HN00175486_F3232,,,,,,,,,,,,,,,,,,,,,,,,,,,,,,,,,,,,,,,,,,,,,,,,,,,100.0,,,,,,,,,,,,,,,,,,,,,,,,,,,,,,,98.025,98.0104,98.61574999999999,99.4825,99.50635,,94.832,97.88825,,94.86095,,,,,,,,,,,,,,,,,,98.05584999999999,,,,,,,,99.25565,,,,,,,,,,,,,,,,,,,,,,,,99.4493,,98.68325,,,,,,,,,,,,,,,,,,,,,94.9045,,,,,,,,,,,,,,,,98.38215,,,,,,,,,,,,,,,,,80.2663,,,,,,,,,,,,,,,,,,,,,,,
HN00175486_GS00022,,,,,,,,,,,,,,78.7791,,,,,89.21979999999999,97.321,89.2774,96.18895,91.5671,,,,,,,,,89.29025,,,,89.292,,,,,,,,,,91.56795,,,,89.31,,100.0,,98.9091,,89.35730000000001,,,,,89.27465000000001,,,,,,96.17145,,,,,98.5856,,,,,,89.25565,96.09164999999999,,,,,,,,,,,,,,,,,,,,,,,,,,,,,,,,,,,,,,,,,,,,,,,,,,,,,,,,,,,,,,,,,,,,,78.5385,,,,,,,,,,,,,,,,,,,,,,,,,,,,,,,,,,,,,,,,,,,,,,,,,,,,,,,,,,92.19739999999999,,,,,,,,,,,,,,
HN00175796_F3300,,99.24475000000001,,,,,,,,,,,,81.25205,,93.86735,,78.96665,,,,,,99.9999,,,,,,,,,78.85714999999999,,,,,,,81.21324999999999,81.12905,81.17105,97.5501,81.09015,,,81.13535,78.7858,,,,,100.0,,78.8775,,78.888,78.91555,78.90084999999999,,,81.20570000000001,98.3417,,,98.49925,,,,,,,81.15795,98.4853,,,78.74525,,,,,,,,,,,,,,,,,,,,,81.2205,,,,,,,,,,,,,97.62845,97.51740000000001,,,,,,,,,,,,,,,,,,,,,,,,,,,,81.1995,,,,,,,98.55165,80.6352,,,,,78.94479999999999,97.64695,97.62055000000001,,,98.4529,,,,81.0958,,,,99.2562,,99.36304999999999,,,,,,,,,,,,,,,,,,,,,,,,,,,,,,81.19005,78.82005000000001,,,97.65514999999999,,,,,,,,,,,,,,,81.19964999999999,,,
HN00175796_F3301,,,,,,,,,,,,,,,,,,,89.20935,97.34835000000001,89.23405,96.14045,91.5468,,,,,,,,,89.26315,,,,89.27445,,,,,,,,,,91.5498,,,,89.24934999999999,,98.9091,,100.0,,89.34365,,,,,89.2235,,,,,,96.13695,,,,,98.6015,,,,,,89.24915,96.077,,,,,,,,,,,,,,,,,,,,,,,,,,,,,,,,,,,,,,,,,,,,,,,,,,,,,,,,,,,,,,,,,,,,,,,,,,,,,,,,,,,,,,,,,,,,,,,,,,,,,,,,,,,,,,,,,,,,,,,,,,,,,,,92.21345,,,,,,,,,,,,,,
HN00175796_F3306,,78.95265,,,,,,,,,,,,78.9756,,79.1404,,83.16845,,,,,,78.89555,,,,,,,,,82.67060000000001,,,,,,,79.03195,79.0261,79.1215,78.92205,78.99799999999999,,,79.22215,99.03954999999999,,,,,78.8775,,100.0,,83.22515,83.15435,82.71105,,,79.01384999999999,78.88900000000001,,,79.06174999999999,,,,,,,79.05615,78.96965,,,99.00710000000001,,,,,,,,,,,,,,,,,,,,,79.01159999999999,,,,,,,,,,,,,78.9793,78.9299,,,,,,,,,,,,,,,,,,,,,,,,,,,,79.0156,,,,,,,78.95294999999999,79.3204,,,,,98.3135,79.0497,79.01185000000001,,,78.85735,,,,79.14715000000001,,,,78.8511,,78.9765,,,,,,,,,,,,,,,,,,,,,,,,,,,,,,79.0762,98.31819999999999,,,79.0436,,,,,,,,,,,,,,,79.02000000000001,,,
HN00175796_F3307,,,,,,,,,,,,,,,,,,,98.0036,89.3005,97.93635,89.34565,89.2809,,,,,,,,,98.03915,,,,98.0429,,,,,,,,,,89.26554999999999,,,,98.83064999999999,,89.35730000000001,,89.34365,,100.0,,,,,98.0935,,,,,,89.3806,,,,,89.30879999999999,,,,,,97.7853,89.3417,,,,,,,,,,,,,,,,,,,,,,,,,,,,,,,,,,,,,,,,,,,,,,,,,,,,,,,,,,,,,,,,,,,,,78.5999,,,,,,,,,,,,,,,,,,,,,,,,,,,,,,,,,,,,,,,,,,,,,,,,,,,,,,,,,,89.46690000000001,,,,,,,,,,,,,,
HN00175796_F3369,,78.92265,,,,,,,,,,,,79.1808,,79.143,,99.7636,,,,,,78.96945,,,,,,,,,86.2304,,,,,,,79.2873,79.24064999999999,79.10025,78.9101,79.27985,,,79.15965,83.24735,,,,,78.888,,83.22515,,100.0,99.6466,86.1486,,,79.3535,78.84705,,,79.13730000000001,,,,,,,79.32415,78.9896,,,83.28075000000001,,,,,,,,,,,,,,,,,,,,,79.11645,,,,,,,,,,,,,78.80834999999999,78.92275000000001,,,,,,,,,,,,,,,,,,,,,,,,,,,,79.18925,,,,,,,78.90315,78.9077,,,,,83.16145,79.04075,78.81604999999999,,,78.94120000000001,,,,79.19205,,,,78.7672,,78.96325,,,,,,,,,,,,,,,,,,,,,,,,,,,,,,79.18755,83.15889999999999,,,78.82245,,,,,,,,,,,,,,,79.1494,,,
HN00175796_F3370,,78.8973,,,,,,,,,,,,78.91839999999999,,79.0861,,99.64269999999999,,,,,,78.85045,,,,,,,,,86.51895,,,,,,,78.98125,79.1345,79.0195,78.83155,79.0471,,,79.01835,83.4152,,,,,78.91555,,83.15435,,99.6466,100.0,87.0424,,,79.06309999999999,78.87835,,,79.06530000000001,,,,,,,79.18790000000001,79.06125,,,83.44525,,,,,,,,,,,,,,,,,,,,,78.99895000000001,,,,,,,,,,,,,78.742,78.9847,,,,,,,,,,,,,,,,,,,,,,,,,,,,79.03659999999999,,,,,,,78.90090000000001,78.82245,,,,,83.53444999999999,78.8878,78.7927,,,78.96615,,,,78.9229,,,,78.77885,,79.10714999999999,,,,,,,,,,,,,,,,,,,,,,,,,,,,,,79.0744,83.35875,,,78.86615,,,,,,,,,,,,,,,79.07114999999999,,,
HN00175796_F3371,,78.6488,,,,,,,,,,,,79.10115,,78.7723,,86.2927,,,,,,78.8582,,,,,,,,,99.98935,,,,,,,78.83789999999999,78.96940000000001,78.74115,78.8009,78.799,,,78.99605,82.78659999999999,,,,,78.90084999999999,,82.71105,,86.1486,87.0424,100.0,,,79.04845,78.84035,,,78.8154,,,,,,,78.90899999999999,78.8389,,,82.78540000000001,,,,,,,,,,,,,,,,,,,,,78.99080000000001,,,,,,,,,,,,,78.61325,78.7465,,,,,,,,,,,,,,,,,,,,,,,,,,,,79.0404,,,,,,,78.78905,79.00625,,,,,82.97235,78.95535000000001,78.70405,,,78.9748,,,,79.03255,,,,78.6661,,78.79115,,,,,,,,,,,,,,,,,,,,,,,,,,,,,,79.05590000000001,82.8218,,,78.78385,,,,,,,,,,,,,,,78.97290000000001,,,
HN00175796_F3378,,,,,,,,,,,,,,,95.92375,,,,,,,,,,91.55815,,,,,,,,,,,,,,,,,,,,,,,,,,,,,,,,,,,100.0,,,,,,,,,,91.57235,,,,,,,,,,,,,,,,,,,,,,,,,,,,,,,,,,,,,,,,,,,,,,,,,,,,,,,,,,,,,,,,,,,,,,,,,,,95.4605,,,,,,,,,,,,,,,,,,,,,,,,,,,,,,,,,,,,,,,,,,,,,,,,,,,,,,,,,,,,,,,,,,,,,90.87004999999999,,,,,,
HN00175796_F3454,,,,,,,,,,,,,,,,,,,98.2995,89.26775,98.22905,89.35565,89.19460000000001,,,,,,,,,98.5328,,,,98.4705,,,,,,,,,,89.1549,,,,98.11085,,89.27465000000001,,89.2235,,98.0935,,,,,100.0,,,,,,89.2929,,,,,89.2375,,,,,,97.90055000000001,89.31545,,,,,,,,,,,,,,,,,,,,,,,,,,,,,,,,,,,,,,,,,,,,,,,,,,,,,,,,,,,,,,,,,,,,,78.576,,,,,,,,,,,,,,,,,,,,,,,,,,,,,,,,,,,,,,,,,,,,,,,,,,,,,,,,,,89.4493,,,,,,,,,,,,,,
HN00175796_F3461,,81.2164,,,,,,,,,,,,98.13635,,81.02895,,79.00305,,,,78.8692,,81.1311,,,,,,,,,79.06855,,,,,,,97.80295000000001,98.0633,97.86755,81.2149,97.8513,,,98.39045,79.25014999999999,,,,,81.20570000000001,,79.01384999999999,,79.3535,79.06309999999999,79.04845,,,100.0,81.137,,,81.26115,,,,,,,98.68045000000001,81.16624999999999,,,79.24775,,,,,,,,,,,,,,,,,,,,,98.6037,,,,,,,,,,,,,81.33404999999999,81.29245,,,,,,,,,,,,,,,,,,,,,,,,,,,,98.6032,,,,,,,81.1896,81.8879,,,,,79.1717,81.23435,81.3078,,,81.15895,,,,98.1759,,,,81.12514999999999,,81.10665,,,,,,,,,,,,,,,,,,,,,,,,,,,,,,98.60135,79.1597,,,81.3181,,,,,,,,,,,,,,,98.20365000000001,,,
HN00175796_F3466,,98.3739,,,,,,,,,,,,81.2764,,93.9906,,78.89635,,,,,,98.35965,,,,,,,,,78.92555,,,,,,,81.16065,81.06825,81.23570000000001,97.53774999999999,81.20135,,,81.16105,78.83095,,,,,98.3417,,78.88900000000001,,78.84705,78.87835,78.84035,,,81.137,100.0,,,98.84645,,,,,,,81.02420000000001,98.85645,,,78.68945,,,,,,,,,,,,,,,,,,,,,81.2234,,,,,,,,,,,,,97.84615,97.5563,,,,,,,,,,,,,,,,,,,,,,,,,,,,81.1449,,,,,,,98.76515,80.68325,,,,,78.861,97.90005,97.92009999999999,,,98.72565,,,,81.19005,,,,98.26939999999999,,98.34275,,,,,,,,,,,,,,,,,,,,,,,,,,,,,,81.16655,78.88034999999999,,,97.97885,,,,,,,,,,,,,,,81.19035,,,
HN00175796_GS201401,98.60675,,,83.34604999999999,,,,,,,,,98.66470000000001,,,,,,,,,,,,,,,,,,,,,,,,,,,,,,,,,,,,,,,,,,,,,,,,,,,100.0,99.99414999999999,,,,,,,,,,,,,,,,,,,,,,,,,,,,,,,,,,,,99.9876,99.99735,99.9847,,,,,,,,,,,,,,,,,,98.6935,,,98.5973,,,,,,,,98.51214999999999,,,,,,,98.78775,,,98.75665000000001,,,,,,,,,98.64689999999999,,,,,,,,,,,,,,,,98.62379999999999,,,,,,,,,,,,,,,,,,,,,,98.67615,,98.6246,,,,,,,,,,,,,,,,,,,,,,,,,,,,,
HN00175796_GS201402,98.58335,,,83.33165,,,,,,,,,98.67005,,,,,,,,,,,,,,,,,,,,,,,,,,,,,,,,,,,,,,,,,,,,,,,,,,,99.99414999999999,100.0,,,,,,,,,,,,,,,,,,,,,,,,,,,,,,,,,,,,99.99265,99.991,99.981,,,,,,,,,,,,,,,,,,98.65635,,,98.63325,,,,,,,,98.51805,,,,,,,98.7679,,,98.7929,,,,,,,,,98.62445,,,,,,,,,,,,,,,,98.6769,,,,,,,,,,,,,,,,,,,,,,98.6578,,98.6319,,,,,,,,,,,,,,,,,,,,,,,,,,,,,
HN00175796_GS41424,,98.5272,,,,,,,,,,,,81.24664999999999,,93.94365,,79.19655,,,,,,98.4825,,,,,,,,,78.8985,,,,,,,81.10015,81.1801,81.04655,97.6248,81.03665000000001,,,81.0864,79.1192,,,,,98.49925,,79.06174999999999,,79.13730000000001,79.06530000000001,78.8154,,,81.26115,98.84645,,,100.0,,,,,,,81.10820000000001,99.99975,,,78.94855,,,,,,,,,,,,,,,,,,,,,81.18835,,,,,,,,,,,,,97.83675,97.58945,,,,,,,,,,,,,,,,,,,,,,,,,,,,81.12545,,,,,,,99.0778,80.8154,,,,,78.88515000000001,97.8025,97.7993,,,99.02785,,,,81.05605,,,,98.39224999999999,,98.52005,,,,,,,,,,,,,,,,,,,,,,,,,,,,,,81.17835,78.8729,,,97.84425,,,,,,,,,,,,,,,81.219,,,
HN00175796_GS41425,,,,,,,,,,,,,,,,,,,89.26595,96.05675,89.2604,98.62585,91.55565,,,,,,,,,89.2654,,,,89.3039,,,,,,,,,,91.57374999999999,,,,89.3861,,96.17145,,96.13695,,89.3806,,,,,89.2929,,,,,,100.0,,,,,96.12645,,,,,,89.26835,98.73015000000001,,,,,,,,,,,,,,,,,,,,,,,,,,,,,,,,,,,,,,,,,,,,,,,,,,,,,,,,,,,,,,,,,,,,,78.6816,,,,,,,,,,,,,,,,,,,,,,,,,,,,,,,,,,,,,,,,,,,,,,,,,,,,,,,,,,92.1379,,,,,,,,,,,,,,
HN00176442_F3372,,,,,,,,,,,,,,,,,,,,,,,,,,,,78.06805,,78.10765,,,,,,,,,,,,,,,,,,,,,,,,,,,,,,,,,,,,,,100.0,,,,,,,,,,,,,,,,,,,,,,,,,,,,,,,,,,,,,,,,,,,,,,,,,,,,,,,,,,,,,,,,,,,,,,,,,,,,,,,,,,,,,,,,,,,78.0826,,,,,,,,,,,,,,,,,,,,,,77.62525,,,,,,,,,,,,,,,,,,,,,,,,,,,,,,,,,,,,,78.16645,,
HN00176442_GS40304,,,,,,94.23265,,,,,,,,,,,,,,,,,,,,,,,,,,,,,,,,,,,,,,,,,,,,,,,,,,,,,,,,,,,,,,,100.0,,,,,,,,,,,,,,,,,,,,,,,,,,,,,,,94.15880000000001,,,,,,98.86895,,94.16015,,,,,,,,,,,,,,,,,98.64070000000001,,,,,,,,,,,,,,,,,,,,,,,,,98.70255,,,,,,,,,,,,,,,,,,,,,,,,,,,,,,,,,,,,,,,,,,,,,,,,,,,,,,,,,,,,79.69874999999999,,,,,,,,,,
HN00176442_GS40306,,,,,,,,,,,,,,,91.42699999999999,,,,,,,,,,95.88185,,,,,,,,,,,,,,,,,,,,,,,,,,,,,,,,,,,91.57235,,,,,,,,,,100.0,,,,,,,,,,,,,,,,,,,,,,,,,,,,,,,,,,,,,,,,,,,,,,,,,,,,,,,,,,,,,,,,,,,,,,,,,,,91.78434999999999,,,,,,,,,,,,,,,,,,,,,,,,,,,,,,,,,,,,,,,,,,,,,,,,,,,,,,,,,,,,,,,,,,,,,91.6149,,,,,,
HN00176442_GS41429,,,99.17375,,,,,,,,,,,,,,,,,,,,,,,,,,,,,,,99.99334999999999,,,,,,,,,,,,,,,,,,,,,,,,,,,,,,,,,,,,,100.0,,,,,,,,,,,,,,,,,,,,,,,,,,99.10745,,,,,,,99.15565000000001,,,,,,,,,,,,,,,,,,,,,,99.99295000000001,,,99.9971,,,,,99.9997,,,,,,,,,,,,,,,,,,,,,,,99.9993,,,,,,,,,,,,,,,,,,,,,,,,,,,,,,,,,,,,,,,,,,,,,,99.9887,,,,,,,,,,,,,,,,,
HN00176442_GSY0003,,,,,,,,,,,,,,78.7744,,,,,89.26419999999999,97.3049,89.263,96.10745,91.58234999999999,,,,,,,,,89.23400000000001,,,,89.28649999999999,,,,,,,,,,91.54905,,,,89.29679999999999,,98.5856,,98.6015,,89.30879999999999,,,,,89.2375,,,,,,96.12645,,,,,100.0,,,,,,89.2204,96.07509999999999,,,,,,,,,,,,,,,,,,,,,,,,,,,,,,,,,,,,,,,,,,,,,,,,,,,,,,,,,,,,,,,,,,,,,78.66489999999999,,,,,,,,,,,,,,,,,,,,,,,,,,,,,,,,,,,,,,,,,,,,,,,,,,,,,,,,,,92.19235,,,,,,,,,,,,,,
HN00176442_GSY0007,,81.0862,,,,,,,,,,,,98.47515,,80.95835,,79.1729,,78.6229,,78.5183,,81.24535,,,,,,,,,78.92475,,,,,,,98.03944999999999,98.30965,98.10544999999999,81.2034,98.09495,,,98.45485,79.1688,,,,,81.15795,,79.05615,,79.32415,79.18790000000001,78.90899999999999,,,98.68045000000001,81.02420000000001,,,81.10820000000001,,,,,,,100.0,81.1091,,,78.9979,,,,,,,,,,,,,,,,,,,,,98.80835,,,,,,,,,,,,,81.32995,81.24705,,,,,,,,,,,,,,,,,,,,,,,,,,,,98.81305,,,,,,,81.1251,81.71090000000001,,,,,79.20715000000001,81.2941,81.19380000000001,,,81.118,,,,98.2379,,,,81.1806,,81.04945000000001,,,,,,,,,,,,,,,,,,,,,,,,,,,,,,98.81479999999999,79.2316,,,81.19405,,,,,,,,,,,,,,,98.3018,,,
HN00176442_GSY0017,,98.51185000000001,,,,,,,,,,,,81.20920000000001,,93.95515,,79.17009999999999,,,,,,98.48235,,,,,,,,,78.89255,,,,,,,81.14240000000001,81.11134999999999,81.07735,97.6505,80.999,,,81.0994,79.1192,,,,,98.4853,,78.96965,,78.9896,79.06125,78.8389,,,81.16624999999999,98.85645,,,99.99975,,,,,,,81.1091,100.0,,,79.09615,,,,,,,,,,,,,,,,,,,,,81.22045,,,,,,,,,,,,,97.7846,97.60714999999999,,,,,,,,,,,,,,,,,,,,,,,,,,,,81.06110000000001,,,,,,,99.075,80.7483,,,,,79.0473,97.8087,97.81819999999999,,,99.04245,,,,81.06865,,,,98.40915000000001,,98.49625,,,,,,,,,,,,,,,,,,,,,,,,,,,,,,81.07130000000001,79.0409,,,97.8168,,,,,,,,,,,,,,,81.1876,,,
HN00179262_F4055,,,,,,,,,,,,,,,,,,,,,,,,,,,,,,,,,,,,,,,,,,,,,,,,,,,,,,,,,,,,,,,,,,,,,,,,,,,100.0,,,,,,,,,,,,,,,,,,,,,,,,,,,,,,,,,,,,,,,,,,,,,,,,,,,,,,,,,,,,,,,,,,,,,,,,,,,,,,,,,,,,,,,,,,,,,,,,,,,,,,,,,,,,,,,,,,,,,,,,,,,,,,,,,,,,,,,,,,,,,,,,,
HN00179262_F4206,,,,,,,98.24215000000001,,,81.06,,,,,,,,,,,,,,,,,,,,,98.48155,,,,,,,,,,,,,,,,,,,,,,,,,,,,,,,,,,,,,,,,,,,,,100.0,,,,,,,,,,,,,,,,,,,,,,,,,,,,,80.43164999999999,,98.2029,,,,,,,,,,,,,,,,80.47575,,,,,,,,,,,,,,,,,,,,,99.99685,,,,,,,,,,,,,,,,,,,,,98.43350000000001,,,,,,,,,,,,,,,,,,,,,,,,,,,,,,,,,,,,,,,,,,,,,,,,,,,,,,,
HN00179262_F4454,,78.76955,,,,,,,,,,,,79.1,,79.0454,,83.2092,,,,,,78.74305,,,,,,,,,82.7864,,,,,,,79.19165,78.9648,79.0153,78.93525,78.93035,,,79.1534,100.0,,,,,78.74525,,99.00710000000001,,83.28075000000001,83.44525,82.78540000000001,,,79.24775,78.68945,,,78.94855,,,,,,,78.9979,79.09615,,,100.0,,,,,,,,,,,,,,,,,,,,,78.84434999999999,,,,,,,,,,,,,78.87915000000001,79.00280000000001,,,,,,,,,,,,,,,,,,,,,,,,,,,,78.89595,,,,,,,78.7329,79.26875,,,,,98.6298,78.9992,78.97705,,,78.79415,,,,79.22165000000001,,,,78.80449999999999,,78.93065,,,,,,,,,,,,,,,,,,,,,,,,,,,,,,78.91635,98.6939,,,79.06965,,,,,,,,,,,,,,,79.02154999999999,,,
HN00179328_F2309-1,,,,,,,,,,,,,,,,,,,97.98849999999999,89.28555,98.1459,89.26595,89.26405,,,,,,,,,97.9931,,,,97.99995,,,,,,,,,,89.1978,,,,97.77755,,89.25565,,89.24915,,97.7853,,,,,97.90055000000001,,,,,,89.26835,,,,,89.2204,,,,,,100.0,89.2452,,,,,,,,,,,,,,,,,,,,,,,,,,,,,,,,,,,,,,,,,,,,,,,,,,,,,,,,,,,,,,,,,,,,,78.5606,,,,,,,,,,,,,,,,,,,,,,,,,,,,,,,,,,,,,,,,,,,,,,,,,,,,,,,,,,89.42224999999999,,,,,,,,,,,,,,
HN00179328_F2317,,,,,,,,,,,,,,,,,,,89.27414999999999,96.0307,89.29185000000001,98.61305,91.564,,,,,,,,,89.38395,,,,89.333,,,,,,,,,,91.5506,,,,89.32749999999999,,96.09164999999999,,96.077,,89.3417,,,,,89.31545,,,,,,98.73015000000001,,,,,96.07509999999999,,,,,,89.2452,100.0,,,,,,,,,,,,,,,,,,,,,,,,,,,,,,,,,,,,,,,,,,,,,,,,,,,,,,,,,,,,,78.9863,,,,,,,,,,,,,,,,,,,,,,,,,,,,,,,,,,,,,,,,,,,,,,,,,,,,,,,,,,79.0851,,,,,,,,92.10804999999999,,,,,,,,,,,,,,
HN00179328_K040706,,,,,,,,98.8065,,,,,,,,,83.42339999999999,,,,,,,,,,,,,,,,,,,,,,,,,,,,,,,,,,,,,,,,,,,,,,,,,,,,,,,,,,,,,,,100.0,,,,,,,,,,,,,,,,,,,,,,,,,,,,,,,,,,83.4981,,98.88045,,82.97405,,,,97.7249,,,,,,,,98.94985,,,,,98.85159999999999,83.53275,,,,,,,,,,,,,,,,,,,,,,,,,,,,,,,,,,,,,,,,,,,,,,,,,,,,,,,,,,,,,,,,,,,,,,,,,,,,,,,,,,,,
HN00179328_KMGR2-43,,,,,,,,,,,98.71475000000001,,,,,,,,,,,,,,,,,,,,,,,,97.7832,,,,,,,,,,,,,,,,,,,,,,,,,,,,,,,,,,,,,,,,,,,,,,100.0,,,,,,,,,,,,,,,,,,,,,,,,,,,,,,,,,,98.7055,,,,,99.172,,,,,,,,97.5378,,,,,,,,,98.5415,79.40985,,,,,,,,,,,,,,,,,,,,,,,,,,,,,,,,,,,,,,,,,,,,,,,,,,,,,,,,,,,,,,,,,,,,,,,,,,,,,,,,,,
HN00180670_CHKJ1115-02,,,,,,,,,,,,,,,,,,,,,,,,,,,,,,,,,,,,,,,,,,,,,,,,,,,98.025,,,,,,,,,,,,,,,,,,,,,,,,,,,,,,,100.0,97.5127,98.0275,98.0929,98.09424999999999,,95.21645000000001,97.52825,,95.18355,,,,,,,,,,,,,,,,,,97.49905000000001,,,,,,,,98.30455,,,,,,,,,,,,,,,,,,,,,,,,98.0984,,98.11314999999999,,,,,,,,,,,,,,,,,,,,,95.23165,,,,,,,,,,,,,,,,97.87755,,,,,,,,,,,,,,,,,80.17305,,,,,,,,,,,,,,,,,,,,,,,
HN00180670_CHKJ1127,,,,,,,,,,,,,,,,,,,,,,,,,,,,,,,,,,,,,,,,,,,,,,,,,,,98.0104,,,,,,,,,,,,,,,,,,,,,,,,,,,,,,,97.5127,100.0,98.0406,98.193,98.12610000000001,,94.882,97.3869,,94.9787,,,,,,,,,,,,,,,,,,99.9981,,,,,,,,98.12745000000001,,,,,,,,,,,,,,,,,,,,,,,,98.18375,,97.75285,,,,,,,,,,,,,,,,,,,,,94.95824999999999,,,,,,,,,,,,,,,,98.06469999999999,,,,,,,,,,,,,,,,,80.30600000000001,,,,,,,,,,,,,,,,,,,,,,,
HN00180670_CHKJ1223-2,,,,,,,,,,,,,,,,,,,,,,,,,,,,,,,,,,,,,,,,,,,,,,,,,,,98.61574999999999,,,,,,,,,,,,,,,,,,,,,,,,,,,,,,,98.0275,98.0406,100.0,98.64304999999999,98.67865,,94.97035,97.59825000000001,,95.0675,,,,,,,,,,,,,,,,,,98.11895,,,,,,,,98.91855,,,,,,,,,,,,,,,,,,,,,,,,98.57925,,99.17869999999999,,,,,,,,,,,,,,,,,,,,,95.04525,,,,,,,,,,,,,,,,97.99064999999999,,,,,,,,,,,,,,,,,80.32195,,,,,,,,,,,,,,,,,,,,,,,
HN00180670_F2080,,,,,,,,,,,,,,,,,,,,,,,,,,,,,,,,,,,,,,,,,,,,,,,,,,,99.4825,,,,,,,,,,,,,,,,,,,,,,,,,,,,,,,98.0929,98.193,98.64304999999999,100.0,99.99675,,94.78375,97.97919999999999,,94.78909999999999,,,,,,,,,,,,,,,,,,98.20824999999999,,,,,,,,99.3398,,,,,,,,,,,,,,,,,,,,,,,,99.99925,,98.8193,,,,,,,,,,,,,,,,,,,,,94.7893,,,,,,,,,,,,,,,,98.48310000000001,,,,,,,,,,,,,,,,,80.0686,,,,,,,,,,,,,,,,,,,,,,,
HN00180670_F2121,,,,,,,,,,,,,,,,,,,,,,,,,,,,,,,,,,,,,,,,,,,,,,,,,,,99.50635,,,,,,,,,,,,,,,,,,,,,,,,,,,,,,,98.09424999999999,98.12610000000001,98.67865,99.99675,100.0,,94.714,97.9503,,94.79044999999999,,,,,,,,,,,,,,,,,,98.12415,,,,,,,,99.28890000000001,,,,,,,,,,,,,,,,,,,,,,,,99.99375,,98.8578,,,,,,,,,,,,,,,,,,,,,94.81875,,,,,,,,,,,,,,,,98.51455,,,,,,,,,,,,,,,,,79.96135000000001,,,,,,,,,,,,,,,,,,,,,,,
HN00180670_K40327,,,,,,,,,,,,,,,,,,,,,,,,,,,,,,,,,,,,,,,,,,,,,,,,,,,,,,,,,,,,,,,,,,,,,,,,,,,,,,,,,,,,,,,100.0,,,98.52825,,98.8389,98.52680000000001,98.6188,98.8375,98.52510000000001,,,,,,,,,,,,,,,,,,,,,,,,,,,,,,,,,,,,,,,,,,,,,,,,,,,,,,,,,,,,,,,,,,,,,,,,,,,,,,,,,,,,,,,,,,,,,,,,,,,,,,,,,,,,,,,,,,,,,,,,,,,,
HN00180670_MK1-10,,,,,,,,,,,,,,,,,,,,,,,,,,,,,,,,,,,,,,,,,,,,,,,,,,,94.832,,,,,,,,,,,,,,,,,,,,,,,,,,,,,,,95.21645000000001,94.882,94.97035,94.78375,94.714,,100.0,94.49889999999999,,98.89875,,,,,,,,,,,,,,,,,,94.8939,,,,,,,,94.72665,,,,,,,,,,,,,,,,,,,,,,,,94.7533,,95.1286,,,,,,,,,,,,,,,,,,,,,98.92255,,,,,,,,,,,,,,,,94.63485,,,,,,,,,,,,,,,,,80.3144,,,,,,,,,,,,,,,,,,,,,,,
HN00180670_MK1-12,,,,,,,,,,,,,,,,,,,,,,,,,,,,,,,,,,,,,,,,,,,,,,,,,,,97.88825,,,,,,,,,,,,,,,,,,,,,,,,,,,,,,,97.52825,97.3869,97.59825000000001,97.97919999999999,97.9503,,94.49889999999999,100.0,,94.58574999999999,,,,,,,,,,,,,,,,,,97.44295,,,,,,,,98.05635000000001,,,,,,,,,,,,,,,,,,,,,,,,97.92224999999999,,97.56684999999999,,,,,,,,,,,,,,,,,,,,,94.56465,,,,,,,,,,,,,,,,98.03755,,,,,,,,,,,,,,,,,80.345,,,,,,,,,,,,,,,,,,,,,,,
HN00180670_MK1-13,,,,,,,,,,,,,,,,,,,,,,,,,,,,,,,,,,,,,,,,,,,,,,,,,,,,,,,,,,,,,,,,,,,,,,,,,,,,,,,,,,,,,,,98.52825,,,100.0,,98.45895,100.0,98.3908,98.4432,99.99745,,,,,,,,,,,,,,,,,,,,,,,,,,,,,,,,,,,,,,,,,,,,,,,,,,,,,,,,,,,,,,,,,,,,,,,,,,,,,,,,,,,,,,,,,,,,,,,,,,,,,,,,,,,,,,,,,,,,,,,,,,,,
HN00180670_MK1-18,,,,,,,,,,,,,,,,,,,,,,,,,,,,,,,,,,,,,,,,,,,,,,,,,,,94.86095,,,,,,,,,,,,,,,,,,,,,,,,,,,,,,,95.18355,94.9787,95.0675,94.78909999999999,94.79044999999999,,98.89875,94.58574999999999,,100.0,,,,,,,,,,,,,,,,,,95.02985000000001,,,,,,,,94.8464,,,,,,,,,,,,,,,,,,,,,,,,94.80375000000001,,95.18725,,,,,,,,,,,,,,,,,,,,,99.9936,,,,,,,,,,,,,,,,94.65115,,,,,,,,,,,,,,,,,80.21799999999999,,,,,,,,,,,,,,,,,,,,,,,
HN00180670_MK1-34,,,,,,,,,,,,,,,,,,,,,,,,,,,,,,,,,,,,,,,,,,,,,,,,,,,,,,,,,,,,,,,,,,,,,,,,,,,,,,,,,,,,,,,98.8389,,,98.45895,,100.0,98.45599999999999,98.5068,99.82745,98.45895,,,,,,,,,,,,,,,,,,,,,,,,,,,,,,,,,,,,,,,,,,,,,,,,,,,,,,,,,,,,,,,,,,,,,,,,,,,,,,,,,,,,,,,,,,,,,,,,,,,,,,,,,,,,,,,,,,,,,,,,,,,,
HN00180670_MK1-9,,,,,,,,,,,,,,,,,,,,,,,,,,,,,,,,,,,,,,,,,,,,,,,,,,,,,,,,,,,,,,,,,,,,,,,,,,,,,,,,,,,,,,,98.52680000000001,,,100.0,,98.45599999999999,100.0,98.3868,98.439,99.99515,,,,,,,,,,,,,,,,,,,,,,,,,,,,,,,,,,,,,,,,,,,,,,,,,,,,,,,,,,,,,,,,,,,,,,,,,,,,,,,,,,,,,,,,,,,,,,,,,,,,,,,,,,,,,,,,,,,,,,,,,,,,
HN00180670_MK2-12,,,,,,,,,,,,,,,,,,,,,,,,,,,,,,,,,,,,,,,,,,,,,,,,,,,,,,,,,,,,,,,,,,,,,,,,,,,,,,,,,,,,,,,98.6188,,,98.3908,,98.5068,98.3868,100.0,98.47460000000001,98.3822,,,,,,,,,,,,,,,,,,,,,,,,,,,,,,,,,,,,,,,,,,,,,,,,,,,,,,,,,,,,,,,,,,,,,,,,,,,,,,,,,,,,,,,,,,,,,,,,,,,,,,,,,,,,,,,,,,,,,,,,,,,,
HN00180670_MK2-3,,,,,,,,,,,,,,,,,,,,,,,,,,,,,,,,,,,,,,,,,,,,,,,,,,,,,,,,,,,,,,,,,,,,,,,,,,,,,,,,,,,,,,,98.8375,,,98.4432,,99.82745,98.439,98.47460000000001,100.0,98.43185,,,,,,,,,,,,,,,,,,,,,,,,,,,,,,,,,,,,,,,,,,,,,,,,,,,,,,,,,,,,,,,,,,,,,,,,,,,,,,,,,,,,,,,,,,,,,,,,,,,,,,,,,,,,,,,,,,,,,,,,,,,,
HN00180670_MK2-6,,,,,,,,,,,,,,,,,,,,,,,,,,,,,,,,,,,,,,,,,,,,,,,,,,,,,,,,,,,,,,,,,,,,,,,,,,,,,,,,,,,,,,,98.52510000000001,,,99.99745,,98.45895,99.99515,98.3822,98.43185,100.0,,,,,,,,,,,,,,,,,,,,,,,,,,,,,,,,,,,,,,,,,,,,,,,,,,,,,,,,,,,,,,,,,,,,,,,,,,,,,,,,,,,,,,,,,,,,,,,,,,,,,,,,,,,,,,,,,,,,,,,,,,,,
HN00195341_AMT-61016,,,99.02350000000001,,,,,,,,,,,,,,,,,,,,,,,,,,,,,,,99.095,,,,,,,,,,,,,,,,,,,,,,,,,,,,,,,,,,,,,99.10745,,,,,,,,,,,,,,,,,,,,,,,,,,100.0,,,,,,,98.85045,,,,,,,,,,,,,,,,,,,,,,99.09245000000001,,,99.12440000000001,,,,,99.11105,,,,,,,,,,,,,,,,,,,,,,,99.1202,,,,,,,,,,,,,,,,,,,,,,,,,,,,,,,,,,,,,,,,,,,,,,99.11325,,,,,,,,,,,,,,,,,
HN00195341_CHKJ1253026,,81.2273,,,,,,,,,,,,98.4699,,81.01035,,79.0164,,,,79.0745,,81.26595,,,,,,,,,78.8598,,,,,,,98.03295,98.3375,98.1639,81.2561,98.15735000000001,,,98.53715,79.01650000000001,,,,,81.2205,,79.01159999999999,,79.11645,78.99895000000001,78.99080000000001,,,98.6037,81.2234,,,81.18835,,,,,,,98.80835,81.22045,,,78.84434999999999,,,,,,,,,,,,,,,,,,,,,100.0,,,,,,,,,,,,,81.3363,81.27355,,,,,,,,,,,,,,,,,,,,,,,,,,,,99.9998,,,,,,,81.2365,81.66005,,,,,79.0618,81.26384999999999,81.3158,,,81.18205,,,,98.2934,,,,81.2929,,81.0984,,,,,,,,,,,,,,,,,,,,,,,,,,,,,,100.0,79.10085000000001,,,81.18369999999999,,,,,,,,,,,,,,,98.24934999999999,,,
HN00195341_DK250101,,,,,83.20519999999999,,,,,,,,,,,,,,,,,,,,,,,,,,,,,,,,,,,,,,,,,,,,,,,,,,,,,,,,,,,,,,,,,,,,,,,,,,,,,,,,,,,,,,,,,,,,,,100.0,,,,,,,,,,,83.3346,,,96.91355,,,,,,97.9603,,,,,,,,96.68605,,,,98.02125,,,,,,,,,,,,,,,,,,,,,,,,,,,,,,,,97.9708,,,,,,,,,,,,,,,,,,,,,,,,,,,80.17815,,,,,,,,,,,,,,,,,,,,,,,,,,,,,,
HN00195341_DK250105,,,,,,99.9998,,,,,,,,,,,,,,,,,,,,,,,,,,,,,,,,,,,,,,,,,,,,,,,,,,,,,,,,,,,,,,,94.15880000000001,,,,,,,,,,,,,,,,,,,,,,,,,,,,,,,100.0,,,,,,94.12135,,98.7359,,,,,,,,,,,,,,,,,94.0289,,,,,,,,,,,,,,,,,,,,,,,,,93.92259999999999,,,,,,,,,,,,,,,,,,,,,,,,,,,,,,,,,,,,,,,,,,,,,,,,,,,,,,,,,,,,79.39125,,,,,,,,,,
HN00195341_DK250126,98.63884999999999,,,83.32675,,,,,,,,,98.577,,,,,,,,,,,,,,,,,,,,,,,,,,,,,,,,,,,,,,,,,,,,,,,,,,,99.9876,99.99265,,,,,,,,,,,,,,,,,,,,,,,,,,,,,,,,,,,,100.0,99.9936,99.9927,,,,,,,,,,,,,,,,,,98.70445000000001,,,98.6285,,,,,,,,98.5749,,,,,,,98.8385,,,98.78755000000001,,,,,,,,,98.64375000000001,,,,,,,,,,,,,,,,98.70345,,,,,,,,,,,,,,,,,,,,,,98.65045,,98.6368,,,,,,,,,,,,,,,,,,,,,,,,,,,,,
HN00195341_DK250312,98.6023,,,83.27745,,,,,,,,,98.6443,,,,,,,,,,,,,,,,,,,,,,,,,,,,,,,,,,,,,,,,,,,,,,,,,,,99.99735,99.991,,,,,,,,,,,,,,,,,,,,,,,,,,,,,,,,,,,,99.9936,100.0,99.99345,,,,,,,,,,,,,,,,,,98.69215,,,98.62989999999999,,,,,,,,98.5152,,,,,,,98.79495,,,98.7894,,,,,,,,,98.61955,,,,,,,,,,,,,,,,98.65270000000001,,,,,,,,,,,,,,,,,,,,,,98.66205,,98.6424,,,,,,,,,,,,,,,,,,,,,,,,,,,,,
HN00195341_DK50004,98.65255,,,83.2907,,,,,,,,,98.6458,,,,,,,,,,,,,,,,,,,,,,,,,,,,,,,,,,,,,,,,,,,,,,,,,,,99.9847,99.981,,,,,,,,,,,,,,,,,,,,,,,,,,,,,,,,,,,,99.9927,99.99345,100.0,,,,,,,,,,,,,,,,,,98.71015,,,98.62950000000001,,,,,,,,98.56935,,,,,,,98.82925,,,98.80075,,,,,,,,,98.67285000000001,,,,,,,,,,,,,,,,98.71164999999999,,,,,,,,,,,,,,,,,,,,,,98.61925,,98.62774999999999,,,,,,,,,,,,,,,,,,,,,,,,,,,,,
HN00195341_DK50032,,,98.9171,,,,,,,,,,,,,,,,,,,,,,,,,,,,,,,99.13435000000001,,,,,,,,,,,,,,,,,,,,,,,,,,,,,,,,,,,,,99.15565000000001,,,,,,,,,,,,,,,,,,,,,,,,,,98.85045,,,,,,,100.0,,,,,,,,,,,,,,,,,,,,,,99.1652,,,99.1567,,,,,99.13075,,,,,,,,,,,,,,,,,,,,,,,99.15180000000001,,,,,,,,,,,,,,,,,,,,,,,,,,,,,,,,,,,,,,,,,,,,,,99.16605000000001,,,,,,,,,,,,,,,,,
HN00195341_G2-10,,,,,,,80.17485,,,98.30125000000001,,,,,,,,,,,,,,,,,,,,,80.7164,,,,,,,,,,,,,,,,,,,,,,,,,,,,,,,,,,,,,,,,,,,,,80.43164999999999,,,,,,,,,,,,,,,,,,,,,,,,,,,,,100.0,,80.31479999999999,,,,,,,,,,,,,,,,98.40469999999999,,,,,,,,,,,,,,,,,,,,,80.3274,,,,,,,,,,,,,,,,,,,,,80.88065,,,,,,,,,,,,,,,,,,,,,,,,,,,,,,,,,,,,,,,,,,,,,,,,,,,,,,,
HN00195341_G3-29,,,,,,94.09625,,,,,,,,,,,,,,,,,,,,,,,,,,,,,,,,,,,,,,,,,,,,,,,,,,,,,,,,,,,,,,,98.86895,,,,,,,,,,,,,,,,,,,,,,,,,,,,,,,94.12135,,,,,,100.0,,94.2561,,,,,,,,,,,,,,,,,98.64815,,,,,,,,,,,,,,,,,,,,,,,,,98.67994999999999,,,,,,,,,,,,,,,,,,,,,,,,,,,,,,,,,,,,,,,,,,,,,,,,,,,,,,,,,,,,80.3897,,,,,,,,,,
HN00195341_JJ1-135,,,,,,,99.9999,,,80.63465,,,,,,,,,,,,,,,,,,,,,98.3871,,,,,,,,,,,,,,,,,,,,,,,,,,,,,,,,,,,,,,,,,,,,,98.2029,,,,,,,,,,,,,,,,,,,,,,,,,,,,,80.31479999999999,,100.0,,,,,,,,,,,,,,,,80.46345,,,,,,,,,,,,,,,,,,,,,98.20439999999999,,,,,,,,,,,,,,,,,,,,,98.40285,,,,,,,,,,,,,,,,,,,,,,,,,,,,,,,,,,,,,,,,,,,,,,,,,,,,,,,
HN00196390_AMT-60411,,,,,,98.7317,,,,,,,,,,,,,,,,,,,,,,,,,,,,,,,,,,,,,,,,,,,,,,,,,,,,,,,,,,,,,,,94.16015,,,,,,,,,,,,,,,,,,,,,,,,,,,,,,,98.7359,,,,,,94.2561,,100.0,,,,,,,,,,,,,,,,,94.262,,,,,,,,,,,,,,,,,,,,,,,,,94.1,,,,,,,,,,,,,,,,,,,,,,,,,,,,,,,,,,,,,,,,,,,,,,,,,,,,,,,,,,,,79.1122,,,,,,,,,,
HN00196390_CHKJ1122,,,,,,,,,,,,,,,,,,,,,,,,,,,,,,,,,,,,,,,,,,,,,,,,,,,98.05584999999999,,,,,,,,,,,,,,,,,,,,,,,,,,,,,,,97.49905000000001,99.9981,98.11895,98.20824999999999,98.12415,,94.8939,97.44295,,95.02985000000001,,,,,,,,,,,,,,,,,,100.0,,,,,,,,98.09975,,,,,,,,,,,,,,,,,,,,,,,,98.1995,,97.80365,,,,,,,,,,,,,,,,,,,,,94.95984999999999,,,,,,,,,,,,,,,,98.0797,,,,,,,,,,,,,,,,,80.37965,,,,,,,,,,,,,,,,,,,,,,,
HN00196390_DK250125,,,,,97.8843,,,,,,,,,,,,,,,,,,,,,,,,,,,,,,,,,,,,,,,,,,,,,,,,,,,,,,,,,,,,,,,,,,,,,,,,,,,,,,,,,,,,,,,,,,,,,,83.3346,,,,,,,,,,,100.0,,,83.1726,,,,,,83.2458,,,,,,,,83.54974999999999,,,,83.12785,,,,,,,,,,,,,,,,,,,,,,,,,,,,,,,,83.03305,,,,,,,,,,,,,,,,,,,,,,,,,,,80.70054999999999,,80.0428,,,,,,,,,,,,,,,,,,,,,,,,,,,,
HN00196390_F2132,,97.62235,,,,,,,,,,,,81.31030000000001,,93.98595,,78.85475,,,,,,97.63685000000001,,,,,,,,,78.62945,,,,,,,81.43265,81.3896,81.312,97.8516,81.39155,,,81.1591,78.99539999999999,,,,,97.62845,,78.9793,,78.80834999999999,78.742,78.61325,,,81.33404999999999,97.84615,,,97.83675,,,,,,,81.32995,97.7846,,,78.87915000000001,,,,,,,,,,,,,,,,,,,,,81.3363,,,,,,,,,,,,,100.0,97.9005,,,,,,,,,,,,,,,,,,,,,,,,,,,,81.23429999999999,,,,,,,97.73175,80.6483,,,,,78.902,99.22014999999999,99.24135,,,97.77975,,,,81.31495000000001,,,,97.56280000000001,,97.57755,,,,,,,,,,,,,,,,,,,,,,,,,,,,,,81.2448,78.9822,,,99.24334999999999,,,,,,,,,,,,,,,81.19405,,,
HN00196390_F2151,,97.53315,,,,,,,,,,,,81.3591,,93.94955,,79.02135,,,,,,97.52305,,,,,,,,,78.9476,,,,,,,81.29845,81.1966,81.3302,98.86580000000001,81.22175,,,81.1104,79.02595,,,,,97.51740000000001,,78.9299,,78.92275000000001,78.9847,78.7465,,,81.29245,97.5563,,,97.58945,,,,,,,81.24705,97.60714999999999,,,79.00280000000001,,,,,,,,,,,,,,,,,,,,,81.27355,,,,,,,,,,,,,97.9005,100.0,,,,,,,,,,,,,,,,,,,,,,,,,,,,81.191,,,,,,,97.51995,80.81055,,,,,78.99715,97.9705,97.88795,,,97.56935,,,,81.2002,,,,97.5098,,97.545,,,,,,,,,,,,,,,,,,,,,,,,,,,,,,81.18960000000001,78.93465,,,97.8982,,,,,,,,,,,,,,,81.184,,,
HN00196390_K200109,,,,,83.1497,,,,,,,,,,,,,,,,,,,,,,,,,,,,,,,,,,,,,,,,,,,,,,,,,,,,,,,,,,,,,,,,,,,,,,,,,,,,,,,,,,,,,,,,,,,,,,96.91355,,,,,,,,,,,83.1726,,,100.0,,,,,,96.617,,,,,,,,97.6948,,,,96.65535,,81.1801,,,,,,,,,,,,,,,,,,,,,,,,,,,,,,96.4937,,,,,,,,,,,,,,,,,,,,,,,,,,,79.89355,,,,,,,,,,,,,,,,,,,,,,,,,,,,,,
HN00196390_K200234,,,,,,,,83.78175,,,,,,,,,99.2033,,,,,,,,,,,,,,,,,,,,,,,,,,,,,,,,,,,,,,,,,,,,,,,,,,,,,,,,,,,,,,,83.4981,,,,,,,,,,,,,,,,,,,,,,,,,,,,,,,,,,100.0,,83.7011,,99.66175000000001,,,,83.5403,,,,,,,,83.72465,,,,,83.60825,99.05609999999999,,,,,,,,,,,,,,,,,,,,,,,,,,,,,,,,,,,,,,,,,,,,,,,,,,,,,,,,,,,,,,,,,,,,,,,,,,,,,,,,,,,,
HN00196390_K40028,,,,,,,,,,,99.99510000000001,,,,,,,,,,,,,,,,,,,,,,,,97.8413,,,,,,,,,,,,,,,,,,,,,,,,,,,,,,,,,,,,,,,,,,,,,,98.7055,,,,,,,,,,,,,,,,,,,,,,,,,,,,,,,,,,100.0,,,,,98.7264,,,,,,,,97.55435,,,,,,,,,98.7028,79.8138,,,,,,,,,,,,,,,,,,,,,,,,,,,,,,,,,,,,,,,,,,,,,,,,,,,,,,,,,,,,,,,,,,,,,,,,,,,,,,,,,,
HN00196390_K40049,,,,,,,,98.70205,,,,,,,,,83.25880000000001,,,,,,,,,,,,,,,,,,,,,,,,,,,,,,,,,,,,,,,,,,,,,,,,,,,,,,,,,,,,,,,98.88045,,,,,,,,,,,,,,,,,,,,,,,,,,,,,,,,,,83.7011,,100.0,,83.05555000000001,,,,97.65365,,,,,,,,98.95255,,,,,98.9108,83.6994,,,,,,,,,,,,,,,,,,,,,,,,,,,,,,,,,,,,,,,,,,,,,,,,,,,,,,,,,,,,,,,,,,,,,,,,,,,,,,,,,,,,
HN00196390_KFT18,,,,,,,,,,,,,,,,,,,,,,,,,,,,,,,,,,,,,,,,,,,,,,,,,,,99.25565,,,,,,,,,,,,,,,,,,,,,,,,,,,,,,,98.30455,98.12745000000001,98.91855,99.3398,99.28890000000001,,94.72665,98.05635000000001,,94.8464,,,,,,,,,,,,,,,,,,98.09975,,,,,,,,100.0,,,,,,,,,,,,,,,,,,,,,,,,99.2875,,99.15245,,,,,,,,,,,,,,,,,,,,,94.82415,,,,,,,,,,,,,,,,98.35045,,,,,,,,,,,,,,,,,80.00975,,,,,,,,,,,,,,,,,,,,,,,
HN00196822_AMT-60612,,,,,,,,82.8973,,,,,,,,,99.21965,,,,,,,,,,,,,,,,,,,,,,,,,,,,,,,,,,,,,,,,,,,,,,,,,,,,,,,,,,,,,,,82.97405,,,,,,,,,,,,,,,,,,,,,,,,,,,,,,,,,,99.66175000000001,,83.05555000000001,,100.0,,,,83.1358,,,,,,,,83.2697,,,,,83.2284,99.09265,,,,,,,,,,,,,,,,,,,,,,,,,,,,,,,,,,,,,,,,,,,,,,,,,,,,,,,,,,,,,,,,,,,,,,,,,,,,,,,,,,,,
HN00196822_AMT-86113,,,,,83.25355,,,,,,,,,,,,,,,,,,,,,,,,,,,,,,,,,,,,,,,,,,,,,,,,,,,,,,,,,,,,,,,,,,,,,,,,,,,,,,,,,,,,,,,,,,,,,,97.9603,,,,,,,,,,,83.2458,,,96.617,,,,,,100.0,,,,,,,,96.52515,,,,99.96255,,80.5124,,,,,,,,,,,,,,,,,,,,,,,,,,,,,,99.13565,,,,,,,,,,,,,,,,,,,,,,,,,,,80.3201,,79.8118,,,,,,,,,,,,,,,,,,,,,,,,,,,,
HN00196822_K200228,,,,,,,,,,,98.7677,,,,,,,,,,,,,,,,,,,,,,,,97.69665,,,,,,,,,,,,,,,,,,,,,,,,,,,,,,,,,,,,,,,,,,,,,,99.172,,,,,,,,,,,,,,,,,,,,,,,,,,,,,,,,,,98.7264,,,,,100.0,,,,,,,,97.4745,,,,,,,,,98.7652,79.36654999999999,,,,,,,,,,,,,,,,,,,,,,,,,,,,,,,,,,,,,,,,,,,,,,,,,,,,,,,,,,,,,,,,,,,,,,,,,,,,,,,,,,
HN00196822_K40725,98.7661,,,82.9983,,,,,,,,,98.84360000000001,,,,,,,,,,,,,,,,,,,,,,,,,,,,,,,,,,,,,,,,,,,,,,,,,,,98.6935,98.65635,,,,,,,,,,,,,,,,,,,,,,,,,,,,,,,,,,,,98.70445000000001,98.69215,98.71015,,,,,,,,,,,,,,,,,,100.0,,,98.84935,,,,,,,,98.74100000000001,,,,,,,98.84045,,,98.85235,,,,,,,,,98.78555,,,,,,,,,,,,,,,,98.74875,,,,,,,,,,,,,,,,,,,,,,99.28020000000001,,98.8947,,,,,,,,,,,,,,,,,,,,,,,,,,,,,
HN00200515_AMT-62920,,,,,,,,97.70955000000001,,,,,,,,,83.2646,,,,,,,,,,,,,,,,,,,,,,,,,,,,,,,,,,,,,,,,,,,,,,,,,,,,,,,,,,,,,,,97.7249,,,,,,,,,,,,,,,,,,,,,,,,,,,,,,,,,,83.5403,,97.65365,,83.1358,,,,100.0,,,,,,,,97.72815,,,,,97.67920000000001,83.6168,,,,,,,,,,,,,,,,,,,,,,,,,,,,,,,,,,,,,,,,,,,,,,,,,,,,,,,,,,,,,,,,,,,,,,,,,,,,,,,,,,,,
HN00200515_AMT-73813,,,,,,,80.16329999999999,,,98.1738,,,,,,,,,,,,,,,,,,,,,80.9065,,,,,,,,,,,,,,,,,,,,,,,,,,,,,,,,,,,,,,,,,,,,,80.47575,,,,,,,,,,,,,,,,,,,,,,,,,,,,,98.40469999999999,,80.46345,,,,,,,,,,,,,,,,100.0,,,,,,,,,,,,,,,,,,,,,80.60595,,,,,,,,,,,,,,,,,,,,,80.99605,,,,,,,,,,,,,,,,,,,,,,,,,,,,,,,,,,,,,,,,,,,,,,,,,,,,,,,
HN00200515_AMT-74226,99.09055000000001,,,82.95835,,,,,,,,,99.69375,,,,,,,,,,,,,,,,,,,,,,,,,,,,,,,,,,,,,,,,,,,,,,,,,,,98.5973,98.63325,,,,,,,,,,,,,,,,,,,,,,,,,,,,,,,,,,,,98.6285,98.62989999999999,98.62950000000001,,,,,,,,,,,,,,,,,,98.84935,,,100.0,,,,,,,,98.8392,,,,,,,99.1713,,,98.95320000000001,,,,,,,,,99.08135,,,,,,,,,,,,,,,,99.1258,,,,,,,,,,,,,,,,,,,,,,98.8051,,99.00545,,,,,,,,,,,,,,,,,,,,,,,,,,,,,
HN00200515_DKM250103,,,,,,94.0363,,,,,,,,,,,,,,,,,,,,,,,,,,,,,,,,,,,,,,,,,,,,,,,,,,,,,,,,,,,,,,,98.64070000000001,,,,,,,,,,,,,,,,,,,,,,,,,,,,,,,94.0289,,,,,,98.64815,,94.262,,,,,,,,,,,,,,,,,100.0,,,,,,,,,,,,,,,,,,,,,,,,,99.15555,,,,,,,,,,,,,,,,,,,,,,,,,,,,,,,,,,,,,,,,,,,,,,,,,,,,,,,,,,,,80.11095,,,,,,,,,,
HN00200515_GS00003,,,99.138,,,,,,,,,,,,,,,,,,,,,,,,,,,,,,,99.99844999999999,,,,,,,,,,,,,,,,,,,,,,,,,,,,,,,,,,,,,99.99295000000001,,,,,,,,,,,,,,,,,,,,,,,,,,99.09245000000001,,,,,,,99.1652,,,,,,,,,,,,,,,,,,,,,,100.0,,,99.99605,,,,,99.99315,,,,,,,,,,,,,,,,,,,,,,,99.9941,,,,,,,,,,,,,,,,,,,,,,,,,,,,,,,,,,,,,,,,,,,,,,99.9954,,,,,,,,,,,,,,,,,
HN00200515_GS00008,,,,,83.36085,,,,,,,,,,,,,,,,,,,,,,,,,,,,,,,,,,,,,,,,,,,,,,,,,,,,,,,,,,,,,,,,,,,,,,,,,,,,,,,,,,,,,,,,,,,,,,96.68605,,,,,,,,,,,83.54974999999999,,,97.6948,,,,,,96.52515,,,,,,,,100.0,,,,96.57475,,,,,,,,,,,,,,,,,,,,,,,,,,,,,,,,96.4371,,,,,,,,,,,,,,,,,,,,,,,,,,,80.4782,,,,,,,,,,,,,,,,,,,,,,,,,,,,,,
HN00200515_GS00049,,,,,,,,,,,97.56195,,,,,,,,,,,,,,,,,,,,,,,,97.47355,,,,,,,,,,,,,,,,,,,,,,,,,,,,,,,,,,,,,,,,,,,,,,97.5378,,,,,,,,,,,,,,,,,,,,,,,,,,,,,,,,,,97.55435,,,,,97.4745,,,,,,,,100.0,,,,,,,,,97.5973,79.16335000000001,,,,,,,,,,,,,,,,,,,,,,,,,,,,,,,,,,,,,,,,,,,,,,,,,,,,,,,,,,,,,,,,,,,,,,,,,,,,,,,,,,
HN00200515_GS200102,,,99.09725,,,,,,,,,,,,,,,,,,,,,,,,,,,,,,,99.99035,,,,,,,,,,,,,,,,,,,,,,,,,,,,,,,,,,,,,99.9971,,,,,,,,,,,,,,,,,,,,,,,,,,99.12440000000001,,,,,,,99.1567,,,,,,,,,,,,,,,,,,,,,,99.99605,,,100.0,,,,,99.9985,,,,,,,,,,,,,,,,,,,,,,,99.997,,,,,,,,,,,,,,,,,,,,,,,,,,,,,,,,,,,,,,,,,,,,,,99.98895,,,,,,,,,,,,,,,,,
HN00200515_GS200141,,,,,,,,99.35355,,,,,,,,,83.2635,,,,,,,,,,,,,,,,,,,,,,,,,,,,,,,,,,,,,,,,,,,,,,,,,,,,,,,,,,,,,,,98.94985,,,,,,,,,,,,,,,,,,,,,,,,,,,,,,,,,,83.72465,,98.95255,,83.2697,,,,97.72815,,,,,,,,100.0,,,,,98.80585,83.66005000000001,,,,,,,,,,,,,,,,,,,,,,,,,,,,,,,,,,,,,,,,,,,,,,,,,,,,,,,,,,,,,,,,,,,,,,,,,,,,,,,,,,,,
HN00200515_K40006,,,,,83.18325,,,,,,,,,,,,,,,,,,,,,,,,,,,,,,,,,,,,,,,,,,,,,,,,,,,,,,,,,,,,,,,,,,,,,,,,,,,,,,,,,,,,,,,,,,,,,,98.02125,,,,,,,,,,,83.12785,,,96.65535,,,,,,99.96255,,,,,,,,96.57475,,,,100.0,,,,,,,,,,,,,,,,,,,,,,,,,,,,,,,,99.10220000000001,,,,,,,,,,,,,,,,,,,,,,,,,,,80.49244999999999,,,,,,,,,,,,,,,,,,,,,,,,,,,,,,
HN00200515_KY0001,98.8326,,,83.0595,,,,,,,,,98.88095,,,,,,,,,,,,,,,,,,,,,,,,,,,,,,,,,,,,,,,,,,,,,,,,,,,98.51214999999999,98.51805,,,,,,,,,,,,,,,,,,,,,,,,,,,,,,,,,,,,98.5749,98.5152,98.56935,,,,,,,,,,,,,,,,,,98.74100000000001,,,98.8392,,,,,,,,100.0,,,,,,,98.9553,,,99.04005000000001,,,,,,,,,98.81715,,,,,,,,,,,,,,,,98.79475,,,,,,,,,,,,,,,,,,,,,,98.7388,,99.1098,,,,,,,,,,,,,,,,,,,,,,,,,,,,,
HN00200515_KY0017,,,,,80.607,,,,,,,,,,,,,,,,,,,,,,,,,,,,,,,,,,,,,,,,,,,,,,,,,,,,,,,,,,,,,,,,,,,,,,,,,,,,,,,,,,,,,,,,,,,,,,,,,,,,,,,,,,,,81.1801,,,,,,80.5124,,,,,,,,,,,,,,100.0,,,,,,,,,,,,,,,,,,,,,,,,,,,,,,,,,,,,,,,,,,,,,,,,,,,,,,,,,98.39425,,84.2846,,,,,,,,,,,,,,,,,,,,,,,,,,,,
HN00200749_GS00038,,,99.13059999999999,,,,,,,,,,,,,,,,,,,,,,,,,,,,,,,99.99655,,,,,,,,,,,,,,,,,,,,,,,,,,,,,,,,,,,,,99.9997,,,,,,,,,,,,,,,,,,,,,,,,,,99.11105,,,,,,,99.13075,,,,,,,,,,,,,,,,,,,,,,99.99315,,,99.9985,,,,,100.0,,,,,,,,,,,,,,,,,,,,,,,99.9999,,,,,,,,,,,,,,,,,,,,,,,,,,,,,,,,,,,,,,,,,,,,,,99.99085,,,,,,,,,,,,,,,,,
HN00200749_K200115,,,,,,,,98.73765,,,,,,,,,83.3835,,,,,,,,,,,,,,,,,,,,,,,,,,,,,,,,,,,,,,,,,,,,,,,,,,,,,,,,,,,,,,,98.85159999999999,,,,,,,,,,,,,,,,,,,,,,,,,,,,,,,,,,83.60825,,98.9108,,83.2284,,,,97.67920000000001,,,,,,,,98.80585,,,,,100.0,83.919,,,,,,,,,,,,,,,,,,,,,,,,,,,,,,,,,,,,,,,,,,,,,,,,,,,,,,,,,,,,,,,,,,,,,,,,,,,,,,,,,,,,
HN00200749_K42834,,,,,,,,83.7439,,,,,,,,,98.9247,,,,,,,,,,,,,,,,,,,,,,,,,,,,,,,,,,,,,,,,,,,,,,,,,,,,,,,,,,,,,,,83.53275,,,,,,,,,,,,,,,,,,,,,,,,,,,,,,,,,,99.05609999999999,,83.6994,,99.09265,,,,83.6168,,,,,,,,83.66005000000001,,,,,83.919,100.0,,,,,,,,,,,,,,,,,,,,,,,,,,,,,,,,,,,,,,,,,,,,,,,,,,,,,,,,,,,,,,,,,,,,,,,,,,,,,,,,,,,,
HN00200749_KK200119,,,,,,,,,,,98.68105,,,,,,,,,,,,,,,,,,,,,,,,97.7656,,,,,,,,,,,,,,,,,,,,,,,,,,,,,,,,,,,,,,,,,,,,,,98.5415,,,,,,,,,,,,,,,,,,,,,,,,,,,,,,,,,,98.7028,,,,,98.7652,,,,,,,,97.5973,,,,,,,,,100.0,79.34434999999999,,,,,,,,,,,,,,,,,,,,,,,,,,,,,,,,,,,,,,,,,,,,,,,,,,,,,,,,,,,,,,,,,,,,,,,,,,,,,,,,,,
HN00200749_MK2-46,,,,,,,,,,,79.84835000000001,,,,,,,,,,,,,,,,,,,,,,,,79.47385,,,,,,,,,,,,,,,,,,,,,,,,,,,,,,,,,,,,,,,,,,,,,,79.40985,,,,,,,,,,,,,,,,,,,,,,,,,,,,,,,,,,79.8138,,,,,79.36654999999999,,,,,,,,79.16335000000001,,,,,,,,,79.34434999999999,100.0,,,,,,,,,,,,,,,,,,,,,,,,,,,,,,,,,,,,,,,,,,,,,,,,,,,,,,,,,,,,,,,,,,,,,,,,,,,,,,,,,,
HN00200749_T10-11,99.6708,,,82.85575,,,,,,,,,99.21955,,,,,,,,,,,,,,,,,,,,,,,,,,,,,,,,,,,,,,,,,,,,,,,,,,,98.78775,98.7679,,,,,,,,,,,,,,,,,,,,,,,,,,,,,,,,,,,,98.8385,98.79495,98.82925,,,,,,,,,,,,,,,,,,98.84045,,,99.1713,,,,,,,,98.9553,,,,,,,100.0,,,99.19024999999999,,,,,,,,,99.7199,,,,,,,,,,,,,,,,99.68465,,,,,,,,,,,,,,,,,,,,,,98.82145,,99.1908,,,,,,,,,,,,,,,,,,,,,,,,,,,,,
HN00203775_CHKJ1253002,,81.19095,,,,,,,,,,,,98.5249,,81.05529999999999,,79.07345000000001,,,,79.0811,,81.2521,,,,,,,,,78.96775,,,,,,,98.04375,98.34865,98.162,81.19274999999999,98.13845,,,98.5655,79.1577,,,,,81.1995,,79.0156,,79.18925,79.03659999999999,79.0404,,,98.6032,81.1449,,,81.12545,,,,,,,98.81305,81.06110000000001,,,78.89595,,78.9863,,,,,,,,,,,,,,,,,,,99.9998,,,,,,,,,,,,,81.23429999999999,81.191,,,,,,,,,,,,,,,,,,,,,,,,,,,,100.0,,,,,,,81.1598,81.7032,,,,,79.2184,81.2358,81.18295,,,81.1877,,,,98.29075,,,,81.2307,,81.04724999999999,,,,,,,,,,,,,,,,,,,,,,,,,,,,,,99.9998,79.2141,,,81.16125,,,,,,,,,,,,,,,98.2451,,,
HN00203775_F2100,,,,,,,,,,,,,,,,,,,,,,,,,,,,,,,,,,,,,,,,,,,,,,,,,,,99.4493,,,,,,,,,,,,,,,,,,,,,,,,,,,,,,,98.0984,98.18375,98.57925,99.99925,99.99375,,94.7533,97.92224999999999,,94.80375000000001,,,,,,,,,,,,,,,,,,98.1995,,,,,,,,99.2875,,,,,,,,,,,,,,,,,,,,,,,,100.0,,98.8615,,,,,,,,,,,,,,,,,,,,,94.7812,,,,,,,,,,,,,,,,98.4519,,,,,,,,,,,,,,,,,80.03655,,,,,,,,,,,,,,,,,,,,,,,
HN00203775_F4043,99.17675,,,82.9074,,,,,,,,,99.07724999999999,,,,,,,,,,,,,,,,,,,,,,,,,,,,,,,,,,,,,,,,,,,,,,,,,,,98.75665000000001,98.7929,,,,,,,,,,,,,,,,,,,,,,,,,,,,,,,,,,,,98.78755000000001,98.7894,98.80075,,,,,,,,,,,,,,,,,,98.85235,,,98.95320000000001,,,,,,,,99.04005000000001,,,,,,,99.19024999999999,,,100.0,,,,,,,,,99.15780000000001,,,,,,,,,,,,,,,,99.16499999999999,,,,,,,,,,,,,,,,,,,,,,98.8791,,99.54565,,,,,,,,,,,,,,,,,,,,,,,,,,,,,
HN00203775_F4202,,,,,,,,,,,,,,,,,,,,,,,,,,,,,,,,,,,,,,,,,,,,,,,,,,,98.68325,,,,,,,,,,,,,,,,,,,,,,,,,,,,,,,98.11314999999999,97.75285,99.17869999999999,98.8193,98.8578,,95.1286,97.56684999999999,,95.18725,,,,,,,,,,,,,,,,,,97.80365,,,,,,,,99.15245,,,,,,,,,,,,,,,,,,,,,,,,98.8615,,100.0,,,,,,,,,,,,,,,,,,,,,95.15635,,,,,,,,,,,,,,,,98.1051,,,,,,,,,,,,,,,,,80.18350000000001,,,,,,,,,,,,,,,,,,,,,,,
HN00203775_F4207,,,,,,,98.18584999999999,,,80.9234,,,,,,,,,,,,,,,,,,,,,98.5442,,,,,,,,,,,,,,,,,,,,,,,,,,,,,,,,,,,,,,,,,,,,,99.99685,,,,,,,,,,,,,,,,,,,,,,,,,,,,,80.3274,,98.20439999999999,,,,,,,,,,,,,,,,80.60595,,,,,,,,,,,,,,,,,,,,,100.0,,,,,,,,,,,,,,,,,,,,,98.50515,,,,,,,,,,,,,,,,,,,,,,,,,,,,,,,,,,,,,,,,,,,,,,,,,,,,,,,
HN00204805_CHKJ1211-1,,,,,,,,,,,,,,,94.9417,,,,,,,,,,91.94295,,,,,,,,,,,,,,,,,,,,,,,,,,,,,,,,,,,95.4605,,,,,,,,,,91.78434999999999,,,,,,,,,,,,,,,,,,,,,,,,,,,,,,,,,,,,,,,,,,,,,,,,,,,,,,,,,,,,,,,,,,,,,,,,,,,100.0,,,,,,,,,,,,,,,,,,,,,,,,,,,,,,,,,,,,,,,,,,,,,,,,,,,,,,,,,,,,,,,,,,,,,91.06605,,,,,,
HN00204805_F1208,,,,,,,,,,,,,,,,,,,,,,,,,,,,,,,,,,,,,,,,,,,,,,,,,,,,,,,,,,,,,,,,,,,,,,,,,,,,,,,,,,,,,,,,,,,,,,,,,,,,,,,,,,,,,,,,,,,,,,,,,,,,,,,,,,,,,,,,,,,,,,,,,,100.0,,,,,,,,,,,,,,,,,,,,,,,,,,,,,,,,,,,,,,,,,,,,,,,,,,,,,,,,,,,,,,,,,,,,,,,,,,
HN00204805_F1249-1,,98.554,,,,,,,,,,,,81.25025,,93.92095,,79.04275000000001,,,,,,98.56620000000001,,,,,,,,,78.8446,,,,,,,81.17895,81.1092,81.02279999999999,97.53645,81.14155,,,81.08465,78.8763,,,,,98.55165,,78.95294999999999,,78.90315,78.90090000000001,78.78905,,,81.1896,98.76515,,,99.0778,,,,,,,81.1251,99.075,,,78.7329,,,,,,,,,,,,,,,,,,,,,81.2365,,,,,,,,,,,,,97.73175,97.51995,,,,,,,,,,,,,,,,,,,,,,,,,,,,81.1598,,,,,,,100.0,80.76145,,,,,78.81915000000001,97.80375000000001,97.7448,,,99.03375,,,,81.05664999999999,,,,98.4243,,98.55345,,,,,,,,,,,,,,,,,,,,,,,,,,,,,,81.22435,78.93965,,,97.815,,,,,,,,,,,,,,,81.23519999999999,,,
HN00204805_FA0221,,80.80245,,,,,,,,,,,,81.74565000000001,,80.8099,,78.7536,78.6947,78.5744,78.6205,78.6753,78.6044,80.64269999999999,,,,,,,,78.4763,79.00534999999999,,,78.7227,,,,81.74995,81.797,81.90799999999999,80.85220000000001,81.87145,,78.7065,81.82735,79.19624999999999,,,,78.5385,80.6352,,79.3204,78.5999,78.9077,78.82245,79.00625,,78.576,81.8879,80.68325,,,80.8154,78.6816,,,,,78.66489999999999,81.71090000000001,80.7483,,,79.26875,78.5606,,,,,,,,,,,,,,,,,,,,81.66005,,,,,,,,,,,,,80.6483,80.81055,,,,,,,,,,,,,,,,,,,,,,,,,,,,81.7032,,,,,,,80.76145,100.0,,,,,79.51015000000001,80.8067,80.75405,,,80.71430000000001,,,,81.78705,,,,80.72515,,80.6303,,,,,,,,,,,,,,,,,,,,,,,,,,,,,,81.7036,79.47185,,,80.79755,,,,,,,,,,,,,,,81.89574999999999,,,
HN00215192_CH2-11,,,,,,,,,,,,,,,,,,,,,,,,,,,,,,,,,,,,,,,,,,,,,,,,,,,,,,,,,,,,,,,,,,,,,,,,,,,,,,,,,,,,,,,,,,,,,,,,,,,,,,,,,,,,,,,,,,,,,,,,,,,,,,,,,,,,,,,,,,,,,,,,,,,,,100.0,,,99.99235,,,,,,,,,,,,,,,,,,,,,,,,,,,,,,,80.22545,80.4957,,,,,,,,,,,,,,,,80.15,,,,,,,,,81.78495000000001,,79.80305,,,,,,,,,
HN00222446_AMT-87013,,,,,,93.89789999999999,,,,,,,,,,,,,,,,,,,,,,,,,,,,,,,,,,,,,,,,,,,,,,,,,,,,,,,,,,,,,,,98.70255,,,,,,,,,,,,,,,,,,,,,,,,,,,,,,,93.92259999999999,,,,,,98.67994999999999,,94.1,,,,,,,,,,,,,,,,,99.15555,,,,,,,,,,,,,,,,,,,,,,,,,100.0,,,,,,,,,,,,,,,,,,,,,,,,,,,,,,,,,,,,,,,,,,,,,,,,,,,,,,,,,,,,79.21785,,,,,,,,,,
HN00222446_AMT73616,99.9964,,,83.1371,,,,,,,,,99.03405000000001,,,,,,,,,,,,,,,,,,,,,,,,,,,,,,,,,,,,,,,,,,,,,,,,,,,98.64689999999999,98.62445,,,,,,,,,,,,,,,,,,,,,,,,,,,,,,,,,,,,98.64375000000001,98.61955,98.67285000000001,,,,,,,,,,,,,,,,,,98.78555,,,99.08135,,,,,,,,98.81715,,,,,,,99.7199,,,99.15780000000001,,,,,,,,,100.0,,,,,,,,,,,,,,,,99.98765,,,,,,,,,,,,,,,,,,,,,,98.72425,,99.01345,,,,,,,,,,,,,,,,,,,,,,,,,,,,,
HN00222446_CH2-30,,,,,,,,,,,,,,,,,,,,,,,,,,,,,,,,,,,,,,,,,,,,,,,,,,,,,,,,,,,,,,,,,,,,,,,,,,,,,,,,,,,,,,,,,,,,,,,,,,,,,,,,,,,,,,,,,,,,,,,,,,,,,,,,,,,,,,,,,,,,,,,,,,,,,99.99235,,,100.0,,,,,,,,,,,,,,,,,,,,,,,,,,,,,,,80.2496,80.4801,,,,,,,,,,,,,,,,80.18955,,,,,,,,,81.82050000000001,,79.82075,,,,,,,,,
HN00222446_CHKJ1408,,79.03395,,,,,,,,,,,,79.27785,,79.1934,,83.12675,,,,,,78.9191,,,,,,,,,82.8414,,,,,,,79.2928,79.2481,79.65254999999999,78.9748,79.63560000000001,,,79.51345,98.6664,,,,,78.94479999999999,,98.3135,,83.16145,83.53444999999999,82.97235,,,79.1717,78.861,,,78.88515000000001,,,,,,,79.20715000000001,79.0473,,,98.6298,,,,,,,,,,,,,,,,,,,,,79.0618,,,,,,,,,,,,,78.902,78.99715,,,,,,,,,,,,,,,,,,,,,,,,,,,,79.2184,,,,,,,78.81915000000001,79.51015000000001,,,,,100.0,78.97115,78.9553,,,78.99895000000001,,,,79.66315,,,,78.97014999999999,,78.99425,,,,,,,,,,,,,,,,,,,,,,,,,,,,,,79.2176,99.88374999999999,,,79.0208,,,,,,,,,,,,,,,79.21090000000001,,,
HN00222446_FA0107,,97.628,,,,,,,,,,,,81.23995,,93.9764,,78.9399,,,,,,97.61930000000001,,,,,,,,,78.88210000000001,,,,,,,81.45155,81.26075,81.3212,97.8903,81.35935,,,81.22565,79.04339999999999,,,,,97.64695,,79.0497,,79.04075,78.8878,78.95535000000001,,,81.23435,97.90005,,,97.8025,,,,,,,81.2941,97.8087,,,78.9992,,,,,,,,,,,,,,,,,,,,,81.26384999999999,,,,,,,,,,,,,99.22014999999999,97.9705,,,,,,,,,,,,,,,,,,,,,,,,,,,,81.2358,,,,,,,97.80375000000001,80.8067,,,,,78.97115,100.0,99.32730000000001,,,97.83055,,,,81.34395,,,,97.6721,,97.6298,,,,,,,,,,,,,,,,,,,,,,,,,,,,,,81.24835,79.04294999999999,,,99.19630000000001,,,,,,,,,,,,,,,81.23685,,,
HN00222446_FA0422,,97.54665,,,,,,,,,,,,81.2259,,93.90469999999999,,78.85895,,,,,,97.6177,,,,,,,,,78.6448,,,,,,,81.5037,81.30245,81.29175000000001,97.83834999999999,81.42105000000001,,,81.2165,78.96709999999999,,,,,97.62055000000001,,79.01185000000001,,78.81604999999999,78.7927,78.70405,,,81.3078,97.92009999999999,,,97.7993,,,,,,,81.19380000000001,97.81819999999999,,,78.97705,,,,,,,,,,,,,,,,,,,,,81.3158,,,,,,,,,,,,,99.24135,97.88795,,,,,,,,,,,,,,,,,,,,,,,,,,,,81.18295,,,,,,,97.7448,80.75405,,,,,78.9553,99.32730000000001,100.0,,,97.80744999999999,,,,81.4014,,,,97.6525,,97.5704,,,,,,,,,,,,,,,,,,,,,,,,,,,,,,81.21260000000001,79.0839,,,99.13040000000001,,,,,,,,,,,,,,,81.27709999999999,,,
HN00222446_FA0508,,,,,,,,,,,,,,,,,,,,,,,,,,,,,,,,,,,,,,,,,,,,,,,,,,,,,,,,,,,,,,,,,,,,,,,,,,,,,,,,,,,,,,,,,,,,,,,,,,,,,,,,,,,,,,,,,,,,,,,,,,,,,,,,,,,,,,,,,,,,,,,,,,,,,,,,,,,,100.0,,,,,,,,,,,,,,,,,,,,,,,,,,,,,,,,,,,,,,83.78225,,,,,,,,,,,,,,,,,,81.29929999999999,,,,,,,,83.90090000000001
HN00222446_GS40726,,,99.08535,,,,,,,,,,,,,,,,,,,,,,,,,,,,,,,99.99605,,,,,,,,,,,,,,,,,,,,,,,,,,,,,,,,,,,,,99.9993,,,,,,,,,,,,,,,,,,,,,,,,,,99.1202,,,,,,,99.15180000000001,,,,,,,,,,,,,,,,,,,,,,99.9941,,,99.997,,,,,99.9999,,,,,,,,,,,,,,,,,,,,,,,100.0,,,,,,,,,,,,,,,,,,,,,,,,,,,,,,,,,,,,,,,,,,,,,,99.99115,,,,,,,,,,,,,,,,,
HN00222446_GSY0035,,98.50425,,,,,,,,,,,,81.2126,,93.94975,,79.0823,,,,,,98.43095,,,,,,,,,78.9665,,,,,,,81.057,81.08455000000001,81.15780000000001,97.48325,81.23805,,,81.12195,78.93084999999999,,,,,98.4529,,78.85735,,78.94120000000001,78.96615,78.9748,,,81.15895,98.72565,,,99.02785,,,,,,,81.118,99.04245,,,78.79415,,,,,,,,,,,,,,,,,,,,,81.18205,,,,,,,,,,,,,97.77975,97.56935,,,,,,,,,,,,,,,,,,,,,,,,,,,,81.1877,,,,,,,99.03375,80.71430000000001,,,,,78.99895000000001,97.83055,97.80744999999999,,,100.0,,,,81.139,,,,98.45545000000001,,98.49555000000001,,,,,,,,,,,,,,,,,,,,,,,,,,,,,,81.2247,78.9518,,,97.8509,,,,,,,,,,,,,,,81.26795,,,
HN00222446_JJ1-101,,,,,,,,,,,,,,,,,,,,,,,,,,,,98.41669999999999,,79.2227,,,,,,,,,,,,,,,,,,,,,,,,,,,,,,,,,,,,,,78.0826,,,,,,,,,,,,,,,,,,,,,,,,,,,,,,,,,,,,,,,,,,,,,,,,,,,,,,,,,,,,,,,,,,,,,,,,,,,,,,,,,,,,,,,,,,,100.0,,,,,,,,,,,,,,,77.1333,,,77.13565,,,,78.82025,,,,,77.75,77.64755,,,,,,,,,78.19505000000001,,,,,,,,,,,,,,,,,,,,,,78.88855000000001,,
HN00222446_KO11-19,,,,,,,,,,,,,,,,,,,,,,,,,,,,,79.2017,,,,,,,,,80.3065,,,,,,,81.62655,,,,80.68530000000001,,,,,,,,,,,,,,,,,,,,,,,,,,,,,,,,,,,,,,,,,,,,,,,,,,,,,,,,,,,,,,,,,,,,,,,,,,,,,,,,,,,,,,,,,,,,,,,,,,,,,,,,,,,,,,,100.0,,,,,,,,,,,,,,,,,,,,,,,,,,,,,,,,,,,,,,,,,,,,,,,,,,,,,,,,,,,,
HN00222446_Sea08-36,,,,,,,,,,,,,,,,,,,,,,,,,,,,,,,,,,,,,,,,,,,,,,,,,,,,,,,,,,,,,,,,,,,,,,,,,,,,,,,,,,,,,,,,,,,,,,,,,,,,,,,,,,,,,,,,,,,,,,,,,,,,,,,,,,,,,,,,,,,,,,,,,,,,,,,,,,,,,,,,,100.0,,,,,,,,,,,,,,,,,,,,,,,,,,,,,,,,,,,,,,,,,,,,,,,,,,,,,,,,,,,
HN00222446_T1-19,,81.01555,,,,,,,,,,,,98.16265,,80.91395,,79.01075,,,,,,81.16315,,,,,,,,,79.0065,,,,,,,98.45565,98.2376,98.4027,81.07955,98.3681,,,98.7703,79.45615000000001,,,,,81.0958,,79.14715000000001,,79.19205,78.9229,79.03255,,,98.1759,81.19005,,,81.05605,,,,,,,98.2379,81.06865,,,79.22165000000001,,,,,,,,,,,,,,,,,,,,,98.2934,,,,,,,,,,,,,81.31495000000001,81.2002,,,,,,,,,,,,,,,,,,,,,,,,,,,,98.29075,,,,,,,81.05664999999999,81.78705,,,,,79.66315,81.34395,81.4014,,,81.139,,,,100.0,,,,81.01285,,80.97605,,,,,,,,,,,,,,,,,,,,,,,,,,,,,,98.26685,79.59100000000001,,,81.10655,,,,,,,,,,,,,,,98.1082,,,
HN00223109_AMT-912213,,,,,82.97165,,,,,,,,,,,,,,,,,,,,,,,,,,,,,,,,,,,,,,,,,,,,,,,,,,,,,,,,,,,,,,,,,,,,,,,,,,,,,,,,,,,,,,,,,,,,,,97.9708,,,,,,,,,,,83.03305,,,96.4937,,,,,,99.13565,,,,,,,,96.4371,,,,99.10220000000001,,,,,,,,,,,,,,,,,,,,,,,,,,,,,,,,100.0,,,,,,,,,,,,,,,,,,,,,,,,,,,80.11955,,,,,,,,,,,,,,,,,,,,,,,,,,,,,,
HN00223109_MK1-41,,,,,,,,,,,,,,,,,,,,,,,,,,,,,,,,,,,,,,,,,,,,,,,,,,,94.9045,,,,,,,,,,,,,,,,,,,,,,,,,,,,,,,95.23165,94.95824999999999,95.04525,94.7893,94.81875,,98.92255,94.56465,,99.9936,,,,,,,,,,,,,,,,,,94.95984999999999,,,,,,,,94.82415,,,,,,,,,,,,,,,,,,,,,,,,94.7812,,95.15635,,,,,,,,,,,,,,,,,,,,,100.0,,,,,,,,,,,,,,,,94.6759,,,,,,,,,,,,,,,,,80.4499,,,,,,,,,,,,,,,,,,,,,,,
HN00223109_T7-42,,,,,,,98.37495,,,80.8823,,,,,,,,,,,,,,,,,,,,,99.9993,,,,,,,,,,,,,,,,,,,,,,,,,,,,,,,,,,,,,,,,,,,,,98.43350000000001,,,,,,,,,,,,,,,,,,,,,,,,,,,,,80.88065,,98.40285,,,,,,,,,,,,,,,,80.99605,,,,,,,,,,,,,,,,,,,,,98.50515,,,,,,,,,,,,,,,,,,,,,100.0,,,,,,,,,,,,,,,,,,,,,,,,,,,,,,,,,,,,,,,,,,,,,,,,,,,,,,,
HN00223109_TPP6047,,99.16290000000001,,,,,,,,,,,,81.31665000000001,,93.8617,,78.8777,,,,,,99.29565,,,,,,,,,78.74945,,,,,,,81.0726,81.1137,81.0181,97.5069,81.03805,,,81.1035,78.88135,,,,,99.2562,,78.8511,,78.7672,78.77885,78.6661,,,81.12514999999999,98.26939999999999,,,98.39224999999999,,,,,,,81.1806,98.40915000000001,,,78.80449999999999,,,,,,,,,,,,,,,,,,,,,81.2929,,,,,,,,,,,,,97.56280000000001,97.5098,,,,,,,,,,,,,,,,,,,,,,,,,,,,81.2307,,,,,,,98.4243,80.72515,,,,,78.97014999999999,97.6721,97.6525,,,98.45545000000001,,,,81.01285,,,,100.0,,99.2325,,,,,,,,,,,,,,,,,,,,,,,,,,,,,,81.23644999999999,78.8562,,,97.65975,,,,,,,,,,,,,,,81.18395,,,
HN00226248_AMT-63123,99.98555,,,83.2453,,,,,,,,,99.0937,,,,,,,,,,,,,,,,,,,,,,,,,,,,,,,,,,,,,,,,,,,,,,,,,,,98.62379999999999,98.6769,,,,,,,,,,,,,,,,,,,,,,,,,,,,,,,,,,,,98.70345,98.65270000000001,98.71164999999999,,,,,,,,,,,,,,,,,,98.74875,,,99.1258,,,,,,,,98.79475,,,,,,,99.68465,,,99.16499999999999,,,,,,,,,99.98765,,,,,,,,,,,,,,,,100.0,,,,,,,,,,,,,,,,,,,,,,98.78094999999999,,99.0874,,,,,,,,,,,,,,,,,,,,,,,,,,,,,
HN00226248_TPP3038,,99.20230000000001,,,,,,,,,,,,81.0381,,93.89195000000001,,79.05175,,,,,,99.36795000000001,,,,,,,,,78.9153,,,,,,,81.06569999999999,81.1056,81.54625,97.52180000000001,81.64410000000001,,,80.9554,78.95935,,,,,99.36304999999999,,78.9765,,78.96325,79.10714999999999,78.79115,,,81.10665,98.34275,,,98.52005,,,,,,,81.04945000000001,98.49625,,,78.93065,,,,,,,,,,,,,,,,,,,,,81.0984,,,,,,,,,,,,,97.57755,97.545,,,,,,,,,,,,,,,,,,,,,,,,,,,,81.04724999999999,,,,,,,98.55345,80.6303,,,,,78.99425,97.6298,97.5704,,,98.49555000000001,,,,80.97605,,,,99.2325,,100.0,,,,,,,,,,,,,,,,,,,,,,,,,,,,,,81.076,79.04795,,,97.6268,,,,,,,,,,,,,,,81.04235,,,
HN00234071_Bifi-B2104,,,,,,,,,,,,,,,,,,,,,,,,,,,,,,,,,,,,,,,,,,,,,,,,,,,,,,,,,,,,,,,,,,,,,,,,,,,,,,,,,,,,,,,,,,,,,,,,,,,,,,,,,,,,,,,,,,,,,,,,,,,,,,,,,,,,,,,,,,,,,,,,,,,,,,,,,,,,,,,,,,,,,,,,,100.0,,,,,,,,,,,,,,,,,,,,,,,,,,,,,,,,,,,,,,,,,,,,,,,,,,,
HN00251139_BGIL25015,,,,,,,,,,,,,,,,,,,,,,,,,,,,,,,,,,,,,,,,,,,,,,,,,,,,,,,,,,,,,,,,,,,,,,,,,,,,,,,,,,,,,,,,,,,,,,,,,,,,,,,,,,,,,,,,,,,,,,,,,,,,,,,,,,,,,,,,,,,,,,,,,,,,,,,,,,,,,,,,,,,,,,,,,,100.0,,,,,,,,,,,,,,,,,,,,,,,,,,,,,,,,,,,,,,,,,,,,,,,,,,
HN00251139_BGIL25041,,,,,,,,,,,,,,,,,,,,,,,,,,,,,,,,,,,,,,,,,,,,,,,,,,,,,,,,,,,,,,,,,,,,,,,,,,,,,,,,,,,,,,,,,,,,,,,,,,,,,,,,,,,,,,,,,,,,,,,,,,,,,,,,,,,,,,,,,,,,,,,,,,,,,,,,,,,,,,,,,,,,,,,,,,,100.0,,,,,,,,,,,,,,,,,,,,,,,,,,,,,,,,,,,,,,,,,,,,,,,,,
HN00251139_BJS25001,,,,,,,,,,,,,,,,,,,,,,,,,,,,,,,,,,,,,,,,,,,,,,,,,,,,,,,,,,,,,,,,,,,,,,,,,,,,,,,,,,,,,,,,,,,,,,,,,,,,,,,,,,,,,,,,,,,,,,,,,,,,,,,,,,,,,,,,,,,,,,,,,,,,,,,,,,,,,,,,,,,,,,,,,,,,100.0,,,,,,,,,,,,,,,,,,,,,,,,,,,,,,,,,,,,,,,,,,,,,,,,
HN00251139_BJS25005,,,,,,,,,,,,,,,,,,,,,,,,,,,,,,,,,,,,,,,,,,,,,,,,,,,,,,,,,,,,,,,,,,,,,,,,,,,,,,,,,,,,,,,,,,,,,,,,,,,,,,,,,,,,,,,,,,,,,,,,,,,,,,,,,,,,,,,,,,,,,,,,,,,,,,,,,,,,,,,,,,,,,,,,,,,,,100.0,,,,,,,,,,,,,,,,,,,,,,,,,,,,,,,,,,,,,,,,,,,,,,,
HN00251139_BJS25013,,,,,,,,,,,,,,,,,,,,,,,,,,,,77.1387,,,,,,,,,,,,,,,,,,,,,,,,,,,,,,,,,,,,,,,,,,,,,,,,,,,,,,,,,,,,,,,,,,,,,,,,,,,,,,,,,,,,,,,,,,,,,,,,,,,,,,,,,,,,,,,,,,,,,,,,,,,,,,,,,,,77.1333,,,,,,,,,,,,,,,100.0,,,98.6566,,,,,,,,,,78.1813,,,,,,,,,,,,,,,,,,,,,,,,,,,,,,,,,
HN00251139_BJS25028,,,,,,,,,,,,,,,,,,,,,,,,,,,,,,,,,,,,,,,,,,,,,,,,,,,,,,,,,,,,,,,,,,,,,,,,,,,,,,,,,,,,,,,,,,,,,,,,,,,,,,,,,,,,,,,,,,,,,,,,,,,,,,,,,,,,,,,,,,,,,,,,,,,,,,,,,,,,,,,,,,,,,,,,,,,,,,,100.0,,,,,,,,,,,,,,,,,,,,,,,,,,,,,,,,,,,,,,,,,,,,79.1363,
HN00251139_BJS25031,,,,,,,,,,,,,,,,,,,,,,,,,,,,,,,,,,,,,,,,,,,,,,,,,,,,,,,,,,,,,,,,,,,,,,,,,,,,,,,,,,,,,,,,,,,,,,,,,,,,,,,,,,,,,,,,,,,,,,,,,,,,,,,,,,,,,,,,,,,,,,,,,,,,,,,,,,,,,,,,,,,,,,,,,,,,,,,,100.0,,,,,,,,,,,,,,,,,,,,,,,,,,,,,,,,,,,,,,,,,,,,
HN00251139_BJS25032,,,,,,,,,,,,,,,,,,,,,,,,,,,,77.1737,,,,,,,,,,,,,,,,,,,,,,,,,,,,,,,,,,,,,,,,,,,,,,,,,,,,,,,,,,,,,,,,,,,,,,,,,,,,,,,,,,,,,,,,,,,,,,,,,,,,,,,,,,,,,,,,,,,,,,,,,,,,,,,,,,,77.13565,,,,,,,,,,,,,,,98.6566,,,100.0,,,,,,,,,,78.29435,,,,,,,,,,,,,,,,,,,,,,,,,,,,,,,,,
HN00251139_BMX25005,,,,,,,,,,,,,,,,,,,,,,,,,,,79.3607,,,,,,,,,,,,,,,,,,,,,,,,,,,,,,,,,,,,,,,,,,,,,,,,,,,,,,,,,,,,,,,,,,,,,,,,,,,,,,,,,,,,,,,,,,,,,,,,,,,,,,,,,,,,,,,,,,,,,,,,,,,,,,,,,,,,,,,,,,,,,,,,,,,,,,,100.0,,,,,,,,,,,,,,,,,,,,,,,,,,,,,,,,,,,,,,,,,,
HN00251139_BMX25007,,,,,,,,,,,,,,,,,,,,,,,,,,,,,,,,,,,,,,,,,,,,,,,,,,,,,,,,,,,,,,,,,,,,,,,,,,,,,,,,,,,,,,,,,,,,,,,,,,,,,,,,,,,,,,,,,,,,,,,,,,,,,,,,,,,,,,,,,,,,,,,,,,,,,,,,,,,,,,,,,,,,,,,,,,,,,,,,,,,100.0,,,,,,,,,,,,,,,,,,,,,,,,,,,,,,,,,,,,,,,,,
HN00251139_BTH25001,,,,,,,,,,,,,,,,,,,,,,,,,,,,,,,,,,,,,,,,,,,,,,,,,,,98.38215,,,,,,,,,,,,,,,,,,,,,,,,,,,,,,,97.87755,98.06469999999999,97.99064999999999,98.48310000000001,98.51455,,94.63485,98.03755,,94.65115,,,,,,,,,,,,,,,,,,98.0797,,,,,,,,98.35045,,,,,,,,,,,,,,,,,,,,,,,,98.4519,,98.1051,,,,,,,,,,,,,,,,,,,,,94.6759,,,,,,,,,,,,,,,,100.0,,,,,,,,,,,,,,,,,80.05225,,,,,,,,,,,,,,,,,,,,,,,
HN00251139_BTH25041,,,,,,,,,,,,,,,,,,,,,,,,,,,,78.75045,,79.52029999999999,,,,,,,,,,,,,,,,,,,,,,,,,,,,,,,,,,,,,,77.62525,,,,,,,,,,,,,,,,,,,,,,,,,,,,,,,,,,,,,,,,,,,,,,,,,,,,,,,,,,,,,,,,,,,,,,,,,,,,,,,,,,,,,,,,,,,78.82025,,,,,,,,,,,,,,,,,,,,,,100.0,,,,,,77.3982,,,,,,,,,78.98140000000001,,,,,,,,,,,,,,,,,,,,,,79.6095,,
HN00251139_KCUT25010,,,,,,,,,,,,,,,,,,,,,,,,,,,,,,,,,,,,,,,,,,,,,,,,,,,,,,,,,,,,,,,,,,,,,,,,,,,,,,,,,,,,,,,,,,,,,,,,,,,,,,,,,,,,,,,,,,,,,,,,,,,,,,,,,,,,,,,,,,,,,,,,,,,,,,,,,,,,,,,,,,,,,,,,,,,,,,,,,,,,,,100.0,,,,,,,,,,,,,,,,,,,,,,,,,,,,,,,,,,,,,,
HN00251139_KJS25013,,,,,,,,,,,,,,,,,,,,,,,,,,,,,,,,,,,,,,,,,,,,,,,,,,,,,,,,,,,,,,,,,,,,,,,,,,,,,,,,,,,,,,,,,,,,,,,,,,,,,,,,,,,,,,,,,,,,,,,,,,,,,,,,,,,,,,,,,,,,,,,,,,,,,80.22545,,,80.2496,,,,,,,,,,,,,,,,,,,,,,,,,,,,,,,100.0,97.7813,,,,,,,,,,,,,,,,78.52855,,,,,,,,,78.98245,,78.81115,,,,,,,,,
HN00251139_KJS25018,,,,,,,,,,,,,,,,,,,,,,,,,,,,,,,,,,,,,,,,,,,,,,,,,,,,,,,,,,,,,,,,,,,,,,,,,,,,,,,,,,,,,,,,,,,,,,,,,,,,,,,,,,,,,,,,,,,,,,,,,,,,,,,,,,,,,,,,,,,,,,,,,,,,,80.4957,,,80.4801,,,,,,,,,,,,,,,,,,,,,,,,,,,,,,,97.7813,100.0,,,,,,,,,,,,,,,,78.4993,,,,,,,,,78.8005,,78.7726,,,,,,,,,
HN00251139_KJS25024,,,,,,,,,,,,,,,,,,,,,,,,,,,,,,,,,,,,,,,,,,,,,,,,,,,,,,,,,,,,,,,,,,,,,,,,,,,,,,,,,,,,,,,,,,,,,,,,,,,,,,,,,,,,,,,,,,,,,,,,,,,,,,,,,,,,,,,,,,,,,,,,,,,,,,,,,,,,,,,,,,,,,,,,,,,,,,,,,,,,,,,,,100.0,,,,,,,,,,,,,,,,,,,,,,,82.84045,,,,,,,,,,,,
HN00251139_KJS25025,,,,,,,,,,,,,,,,,,,,,,,,,,,,77.70044999999999,,,,,,,,,,,,,,,,,,,,,,,,,,,,,,,,,,,,,,,,,,,,,,,,,,,,,,,,,,,,,,,,,,,,,,,,,,,,,,,,,,,,,,,,,,,,,,,,,,,,,,,,,,,,,,,,,,,,,,,,,,,,,,,,,,,77.75,,,,,,,,,,,,,,,,,,,,,,,,,,,100.0,,,,,,,,,,,,,,,,,,,,,,,,,,,,,,,,,,
HN00251139_KYF25002,,,,,,,,,,,,,,,,,,,,,,,,,,,,77.51115,,77.47300000000001,,,,,,,,,,,,,,,,,,,,,,,,,,,,,,,,,,,,,,,,,,,,,,,,,,,,,,,,,,,,,,,,,,,,,,,,,,,,,,,,,,,,,,,,,,,,,,,,,,,,,,,,,,,,,,,,,,,,,,,,,,,,,,,,,77.64755,,,,,,,,,,,,,,,78.1813,,,78.29435,,,,77.3982,,,,,,100.0,,,,,,,,,,,,,,,,,,,,,,,,,,,,,,,,,
HN00252244_BMX25010,,,,,,,,,,,,,,,,,,,,,,,,,,,,,,,,,,,,,,,,,,,,,,,,,,,,,,,,,,,,,,,,,,,,,,,,,,,,,,,,,,,,,,,,,,,,,,,,,,,,,,,,,,,,,,,,,,,,,,,,,,,,,,,,,,,,,,,,,,,,,,,,,,,,,,,,,,,,,,,,,,,,,,,,,,,,,,,,,,,,,,,,,,,,100.0,,,,,81.36529999999999,,,,,,,,,,,,,,,,,,,,,,,,,,,
HN00280011_AMT-60913,98.7033,,,83.12219999999999,,,,,,,,,98.75635,,,,,,,,,,,,,,,,,,,,,,,,,,,,,,,,,,,,,,,,,,,,,,,,,,,98.67615,98.6578,,,,,,,,,,,,,,,,,,,,,,,,,,,,,,,,,,,,98.65045,98.66205,98.61925,,,,,,,,,,,,,,,,,,99.28020000000001,,,98.8051,,,,,,,,98.7388,,,,,,,98.82145,,,98.8791,,,,,,,,,98.72425,,,,,,,,,,,,,,,,98.78094999999999,,,,,,,,,,,,,,,,,,,,,,100.0,,98.86285000000001,,,,,,,,,,,,,,,,,,,,,,,,,,,,,
HN00280011_AMT-62814-2,,,,,80.7118,,,,,,,,,,,,,,,,,,,,,,,,,,,,,,,,,,,,,,,,,,,,,,,,,,,,,,,,,,,,,,,,,,,,,,,,,,,,,,,,,,,,,,,,,,,,,,80.17815,,,,,,,,,,,80.70054999999999,,,79.89355,,,,,,80.3201,,,,,,,,80.4782,,,,80.49244999999999,,98.39425,,,,,,,,,,,,,,,,,,,,,,,,,,,,,,80.11955,,,,,,,,,,,,,,,,,,,,,,,,,,,100.0,,84.3138,,,,,,,,,,,,,,,,,,,,,,,,,,,,
HN00280011_AMT-74420,99.08160000000001,,,83.0315,,,,,,,,,99.00095,,,,,,,,,,,,,,,,,,,,,,,,,,,,,,,,,,,,,,,,,,,,,,,,,,,98.6246,98.6319,,,,,,,,,,,,,,,,,,,,,,,,,,,,,,,,,,,,98.6368,98.6424,98.62774999999999,,,,,,,,,,,,,,,,,,98.8947,,,99.00545,,,,,,,,99.1098,,,,,,,99.1908,,,99.54565,,,,,,,,,99.01345,,,,,,,,,,,,,,,,99.0874,,,,,,,,,,,,,,,,,,,,,,98.86285000000001,,100.0,,,,,,,,,,,,,,,,,,,,,,,,,,,,,
HN00280011_AMT-913617,,,,,,,,,,,,,,,,,,,,,,,,,,,,,,,,,,,,,,,,,,,,,,,,,,,,,,,,,,,,,,,,,,,,,,,,,,,,,,,,,,,,,,,,,,,,,,,,,,,,,,,,,,,,,,80.0428,,,,,,,,,79.8118,,,,,,,,,,,,,,84.2846,,,,,,,,,,,,,,,,,,,,,,,,,,,,,,,,,,,,,,,,,,,,,,,,,,,,,,,,,84.3138,,100.0,,,,,,,,,,,,,,,,,,,,,,,,,,,,
HN00280011_BEG25026,,,,,,,,,,,,,,,,,,,,,,,,,,,,,,,,,,,,,,,,,,,,,,,,,,,,,,,,,,,,,,,,,,,,,,,,,,,,,,,,,,,,,,,,,,,,,,,,,,,,,,,,,,,,,,,,,,,,,,,,,,,,,,,,,,,,,,,,,,,,,,,,,,,,,,,,,,,,,,,,,,,,,,,,,,,,,,,,,,,,,,,,,,,,81.36529999999999,,,,,100.0,,,,,,,,,,,,,,,,,,,,,,,,,,,
HN00280011_BGIL25058,,,,,,,,,,,,,,,,,,,,,,,,,,,,,,,,,,,,,,,,,,,,,,,,,,,,,,,,,,,,,,,,,,,,,,,,,,,,,,,,,,,,,,,,,,,,,,,,,,,,,,,,,,,,,,,,,,,,,,,,,,,,,,,,,,,,,,,,,,,,,,,,,,,,,,,,,,,,83.78225,,,,,,,,,,,,,,,,,,,,,,,,,,,,,,,,,,,,,,100.0,,,,,,,,,,,,,,,,,,81.68475000000001,,,,,,,,82.41155
HN00280011_BSO25040,,,,,,,,,,,,,,,,,,,,,,,,,,,,,,,,,,,,,,,,,,,,,,,,,,,,,,,,,,,,,,,,,,,,,,,,,,,,,,,,,,,,,,,,,,,,,,,,,,,,,,,,,,,,,,,,,,,,,,,,,,,,,,,,,,,,,,,,,,,,,,,,,,,,,,,,,,,,,,,,,,,,,,,,,,,,,,,,,,,,,,,,,,,,,,,,,,,100.0,,,,,,,,,,,,,,,,,,,,,82.50655,,,,
HN00280011_C3-36,,,,,,,,,,,,,,,,,,,,,,,,,,,,78.01804999999999,,80.6799,,,,,,,,,,,,,,,,,,,,,,,,,,,,,,,,,,,,,,,,,,,,,,,,,,,,,,,,,,,,,,,,,,,,,,,,,,,,,,,,,,,,,,,,,,,,,,,,,,,,,,,,,,,,,,,,,,,,,,,,,,,,,,,,,78.19505000000001,,,,,,,,,,,,,,,,,,,,,,78.98140000000001,,,,,,,,,,,,,,,100.0,,,,,,,,,,,,,,,,,,,,,,80.49119999999999,,
HN00280011_C4-50,,,,,,,,,,,,,,,,,,,,,,,,,,,,,,,,,,,,,,,,,,,,,,,,,,,80.2663,,,,,,,,,,,,,,,,,,,,,,,,,,,,,,,80.17305,80.30600000000001,80.32195,80.0686,79.96135000000001,,80.3144,80.345,,80.21799999999999,,,,,,,,,,,,,,,,,,80.37965,,,,,,,,80.00975,,,,,,,,,,,,,,,,,,,,,,,,80.03655,,80.18350000000001,,,,,,,,,,,,,,,,,,,,,80.4499,,,,,,,,,,,,,,,,80.05225,,,,,,,,,,,,,,,,,100.0,,,,,,,,,,,,,,,,,,,,,,,
HN00280011_CHKJ1253001,,81.1902,,,,,,,,,,,,98.5078,,81.14815,,79.1225,,,,79.0623,,81.27765,,,,,,,,,78.9292,,,,,,,98.03345,98.33109999999999,98.12705,81.21585,98.11645,,,98.55655,79.19935000000001,,,,,81.19005,,79.0762,,79.18755,79.0744,79.05590000000001,,,98.60135,81.16655,,,81.17835,,,,,,,98.81479999999999,81.07130000000001,,,78.91635,,79.0851,,,,,,,,,,,,,,,,,,,100.0,,,,,,,,,,,,,81.2448,81.18960000000001,,,,,,,,,,,,,,,,,,,,,,,,,,,,99.9998,,,,,,,81.22435,81.7036,,,,,79.2176,81.24835,81.21260000000001,,,81.2247,,,,98.26685,,,,81.23644999999999,,81.076,,,,,,,,,,,,,,,,,,,,,,,,,,,,,,100.0,79.2822,,,81.20405,,,,,,,,,,,,,,,98.23955,,,
HN00280011_CHKJ153021-2,,78.929,,,,,,,,,,,,79.31445,,79.1942,,83.04650000000001,,,,,,78.77185,,,,,,,,,82.77680000000001,,,,,,,79.3177,79.22030000000001,79.52754999999999,78.88974999999999,79.57215,,,79.60715,98.67605,,,,,78.82005000000001,,98.31819999999999,,83.15889999999999,83.35875,82.8218,,,79.1597,78.88034999999999,,,78.8729,,,,,,,79.2316,79.0409,,,98.6939,,,,,,,,,,,,,,,,,,,,,79.10085000000001,,,,,,,,,,,,,78.9822,78.93465,,,,,,,,,,,,,,,,,,,,,,,,,,,,79.2141,,,,,,,78.93965,79.47185,,,,,99.88374999999999,79.04294999999999,79.0839,,,78.9518,,,,79.59100000000001,,,,78.8562,,79.04795,,,,,,,,,,,,,,,,,,,,,,,,,,,,,,79.2822,100.0,,,78.97865,,,,,,,,,,,,,,,79.29759999999999,,,
HN00280011_F1016,,,,,,,,,,,,,,,,,,,,,,,,,,,,,,,,,,,,,,,,,,,,,,,,,,,,,,,,,,,,,,,,,,,,,,,,,,,,,,,,,,,,,,,,,,,,,,,,,,,,,,,,,,,,,,,,,,,,,,,,,,,,,,,,,,,,,,,,,,,,,,,,,,,,,80.15,,,80.18955,,,,,,,,,,,,,,,,,,,,,,,,,,,,,,,78.52855,78.4993,,,,,,,,,,,,,,,,100.0,,,,,,,,,81.05615,,80.04655,,,,,,,,,
HN00280011_F1169-1,,,,,,,,,,,,,,,,,,,,,,,,,,,,,,,,,,,,,,,,,,,,,,,,,,,,,,,,,,,,,,,,,,,,,,,,,,,,,,,,,,,,,,,,,,,,,,,,,,,,,,,,,,,,,,,,,,,,,,,,,,,,,,,,,,,,,,,,,,,,,,,,,,,,,,,,,,,,,,,,,,,,,,,,,,,,,,,,,,,,,,,,,,,,,,,,,,,,,,,,,100.0,,,,,,,,,,,,,,,,,,,
HN00280011_F2153,,97.6322,,,,,,,,,,,,81.18535,,93.9876,,78.99125000000001,,,,,,97.6323,,,,,,,,,78.90525,,,,,,,81.1473,81.209,81.1456,97.89025000000001,81.21430000000001,,,81.0234,79.03345,,,,,97.65514999999999,,79.0436,,78.82245,78.86615,78.78385,,,81.3181,97.97885,,,97.84425,,,,,,,81.19405,97.8168,,,79.06965,,,,,,,,,,,,,,,,,,,,,81.18369999999999,,,,,,,,,,,,,99.24334999999999,97.8982,,,,,,,,,,,,,,,,,,,,,,,,,,,,81.16125,,,,,,,97.815,80.79755,,,,,79.0208,99.19630000000001,99.13040000000001,,,97.8509,,,,81.10655,,,,97.65975,,97.6268,,,,,,,,,,,,,,,,,,,,,,,,,,,,,,81.20405,78.97865,,,100.0,,,,,,,,,,,,,,,81.22735,,,
HN00280011_GS00031,,,99.1157,,,,,,,,,,,,,,,,,,,,,,,,,,,,,,,99.99600000000001,,,,,,,,,,,,,,,,,,,,,,,,,,,,,,,,,,,,,99.9887,,,,,,,,,,,,,,,,,,,,,,,,,,99.11325,,,,,,,99.16605000000001,,,,,,,,,,,,,,,,,,,,,,99.9954,,,99.98895,,,,,99.99085,,,,,,,,,,,,,,,,,,,,,,,99.99115,,,,,,,,,,,,,,,,,,,,,,,,,,,,,,,,,,,,,,,,,,,,,,100.0,,,,,,,,,,,,,,,,,
HN00280011_KCUT25001,,,,,,,,,,,,,,,,,,,,,,,,,,,,,,,,,,,,,,,,,,,,,,,,,,,,,,,,,,,,,,,,,,,,,,,,,,,,,,,,,,,,,,,,,,,,,,,,,,,,,,,,,,,,,,,,,,,,,,,,,,,,,,,,,,,,,,,,,,,,,,,,,,,,,,,,,,,,,,,,,,,,,,,,,,,,,,,,,,,,,,,,,,,,,,,,,,,,,,,,,,,,100.0,,,,,,,,,,,,,,,,
HN00280011_KCUT25011,,,,,,,,,,,,,,,,,,,,,,,,,,,,,,,,,,,,,,,,,,,,,,,,,,,,,,,,,,,,,,,,,,,,,,,,,,,,,,,,,,,,,,,,,,,,,,,,,,,,,,,,,,,,,,,,,,,,,,,,,,,,,,,,,,,,,,,,,,,,,,,,,,,,,,,,,,,,,,,,,,,,,,,,,,,,,,,,,,,,,,,,,,,,,,,,,,,,,,,,,,,,,100.0,,,,,,,,,,,,,,,
HN00280011_KCUT25019,,,,,,,,,,,,,,,,,,,89.36925,92.23935,89.42795,92.15875,95.40805,,,,,,,,,89.39355,,,,89.40905,,,,,,,,,,95.3997,,,,89.48675,,92.19739999999999,,92.21345,,89.46690000000001,,,,,89.4493,,,,,,92.1379,,,,,92.19235,,,,,,89.42224999999999,92.10804999999999,,,,,,,,,,,,,,,,,,,,,,,,,,,,,,,,,,,,,,,,,,,,,,,,,,,,,,,,,,,,,,,,,,,,,,,,,,,,,,,,,,,,,,,,,,,,,,,,,,,,,,,,,,,,,,,,,,,,,,,,,,,,,,,100.0,,,,,,,,,,,,,,
HN00280011_KCUT25026,,,,,,,,,,,,,,,,,,,,,,,,,,,,,,,,,,,,,,,,,,,,,,,,,,,,,,,,,,,,,,,,,,,,,,,,,,,,,,,,,,,,,,,,,,,,,,,,,,,,,,,,,,,,,,,,,,,,,,,,,,,,,,,,,,,,,,,,,,,,,,,,,,,,,,,,,,,,,,,,,,,,,,,,,,,,,,,,,,,,,,,,,,,,,,,,,,,,,,,,,,,,,,,100.0,,,,,,,,,,,,,
HN00280011_KJS25004,,,,,,,,,,,,,,,,,,,,,,,,,,,,,,,,,,,,,,,,,,,,,,,,,,,,,,,,,,,,,,,,,,,,,,,,,,,,,,,,,,,,,,,,,,,,,,,,,,,,,,,,,,,,,,,,,,,,,,,,,,,,,,,,,,,,,,,,,,,,,,,,,,,,,,,,,,,,,,,,,,,,,,,,,,,,,,,,,,,,,,,,,82.84045,,,,,,,,,,,,,,,,,,,,,,,100.0,,,,,,,,,,,,
HN00280011_KJS25048,,,,,,,,,,,,,,,,,,,,,,,,,,,,,,,,,,,,,,,,,,,,,,,,,,,,,,,,,,,,,,,,,,,,,,,,,,,,,,,,,,,,,,,,,,,,,,,,,,,,,,,,,,,,,,,,,,,,,,,,,,,,,,,,,,,,,,,,,,,,,,,,,,,,,81.78495000000001,,,81.82050000000001,,,,,,,,,,,,,,,,,,,,,,,,,,,,,,,78.98245,78.8005,,,,,,,,,,,,,,,,81.05615,,,,,,,,,100.0,,84.57855,,,,,,,,,
HN00280011_KK200214,,,,,,79.3169,,,,,,,,,,,,,,,,,,,,,,,,,,,,,,,,,,,,,,,,,,,,,,,,,,,,,,,,,,,,,,,79.69874999999999,,,,,,,,,,,,,,,,,,,,,,,,,,,,,,,79.39125,,,,,,80.3897,,79.1122,,,,,,,,,,,,,,,,,80.11095,,,,,,,,,,,,,,,,,,,,,,,,,79.21785,,,,,,,,,,,,,,,,,,,,,,,,,,,,,,,,,,,,,,,,,,,,,,,,,,,,,,,,,,,,100.0,,,,,,,,,,
HN00280011_KYF25005,,,,,,,,,,,,,,,,,,,,,,,,,,,,,,,,,,,,,,,,,,,,,,,,,,,,,,,,,,,,,,,,,,,,,,,,,,,,,,,,,,,,,,,,,,,,,,,,,,,,,,,,,,,,,,,,,,,,,,,,,,,,,,,,,,,,,,,,,,,,,,,,,,,,,79.80305,,,79.82075,,,,,,,,,,,,,,,,,,,,,,,,,,,,,,,78.81115,78.7726,,,,,,,,,,,,,,,,80.04655,,,,,,,,,84.57855,,100.0,,,,,,,,,
HN00280011_L11-28,,,,,,,,,,,,,,,,,,,,,,,,,,,,,,,,,,,,,,,,,,,,,,,,,,,,,,,,,,,,,,,,,,,,,,,,,,,,,,,,,,,,,,,,,,,,,,,,,,,,,,,,,,,,,,,,,,,,,,,,,,,,,,,,,,,,,,,,,,,,,,,,,,,,,,,,,,,,81.29929999999999,,,,,,,,,,,,,,,,,,,,,,,,,,,,,,,,,,,,,,81.68475000000001,,,,,,,,,,,,,,,,,,100.0,,,,,,,,81.24565
HN00280011_L11-30,,,,,,,,,,,,,,,,,,,,,,,,,,,,,,,,,,,,,,,,,,,,,,,,,,,,,,,,,,,,,,,,,,,,,,,,,,,,,,,,,,,,,,,,,,,,,,,,,,,,,,,,,,,,,,,,,,,,,,,,,,,,,,,,,,,,,,,,,,,,,,,,,,,,,,,,,,,,,,,,,,,,,,,,,,,,,,,,,,,,,,,,,,,,,,,,,,,,,,,,,,,,,,,,,,,,,100.0,,,,,,,
HN00280011_Sea9-11,,,,,,,,,,,,,,,90.69980000000001,,,,,,,,,,91.5511,,,,,,,,,,,,,,,,,,,,,,,,,,,,,,,,,,,90.87004999999999,,,,,,,,,,91.6149,,,,,,,,,,,,,,,,,,,,,,,,,,,,,,,,,,,,,,,,,,,,,,,,,,,,,,,,,,,,,,,,,,,,,,,,,,,91.06605,,,,,,,,,,,,,,,,,,,,,,,,,,,,,,,,,,,,,,,,,,,,,,,,,,,,,,,,,,,,,,,,,,,,,100.0,,,,,,
HN00281774_BMX25006,,,,,,,,,,,,,,,,,,,,,,,,,,,,,,,,,,,,,,,,,,,,,,,,,,,,,,,,,,,,,,,,,,,,,,,,,,,,,,,,,,,,,,,,,,,,,,,,,,,,,,,,,,,,,,,,,,,,,,,,,,,,,,,,,,,,,,,,,,,,,,,,,,,,,,,,,,,,,,,,,,,,,,,,,,,,,,,,,,,,,,,,,,,,,,,,,,,,,,,,,,,,,,,,,,,,,,,100.0,,,,,
HN00281774_BSO25019,,,,,,,,,,,,,,,,,,,,,,,,,,,,,,,,,,,,,,,,,,,,,,,,,,,,,,,,,,,,,,,,,,,,,,,,,,,,,,,,,,,,,,,,,,,,,,,,,,,,,,,,,,,,,,,,,,,,,,,,,,,,,,,,,,,,,,,,,,,,,,,,,,,,,,,,,,,,,,,,,,,,,,,,,,,,,,,,,,,,,,,,,,,,,,,,,,,82.50655,,,,,,,,,,,,,,,,,,,,,100.0,,,,
HN00281774_BSO25044,,81.11915,,,,,,,,,,,,98.3365,,81.05555,,79.00874999999999,,79.2196,,79.0062,,81.11955,,,,,,,,,79.04305,,,,,,,97.95745,98.0935,98.0604,81.19485,98.01815,,,98.22995,79.0783,,,,,81.19964999999999,,79.02000000000001,,79.1494,79.07114999999999,78.97290000000001,,,98.20365000000001,81.19035,,,81.219,,,,,,,98.3018,81.1876,,,79.02154999999999,,,,,,,,,,,,,,,,,,,,,98.24934999999999,,,,,,,,,,,,,81.19405,81.184,,,,,,,,,,,,,,,,,,,,,,,,,,,,98.2451,,,,,,,81.23519999999999,81.89574999999999,,,,,79.21090000000001,81.23685,81.27709999999999,,,81.26795,,,,98.1082,,,,81.18395,,81.04235,,,,,,,,,,,,,,,,,,,,,,,,,,,,,,98.23955,79.29759999999999,,,81.22735,,,,,,,,,,,,,,,100.0,,,
HN00281774_C4-31,,,,,,,,,,,,,,,,,,,,,,,,,,,,78.75145,,87.04955,,,,,,,,,,,,,,,,,,,,,,,,,,,,,,,,,,,,,,78.16645,,,,,,,,,,,,,,,,,,,,,,,,,,,,,,,,,,,,,,,,,,,,,,,,,,,,,,,,,,,,,,,,,,,,,,,,,,,,,,,,,,,,,,,,,,,78.88855000000001,,,,,,,,,,,,,,,,,,,,,,79.6095,,,,,,,,,,,,,,,80.49119999999999,,,,,,,,,,,,,,,,,,,,,,100.0,,
HN00281774_KRS25004,,,,,,,,,,,,,,,,,,,,,,,,,,,,,,,,,,,,,,,,,,,,,,,,,,,,,,,,,,,,,,,,,,,,,,,,,,,,,,,,,,,,,,,,,,,,,,,,,,,,,,,,,,,,,,,,,,,,,,,,,,,,,,,,,,,,,,,,,,,,,,,,,,,,,,,,,,,,,,,,,,,,,,,,,,,,,,,79.1363,,,,,,,,,,,,,,,,,,,,,,,,,,,,,,,,,,,,,,,,,,,,100.0,
HN00281774_Sea9-10,,,,,,,,,,,,,,,,,,,,,,,,,,,,,,,,,,,,,,,,,,,,,,,,,,,,,,,,,,,,,,,,,,,,,,,,,,,,,,,,,,,,,,,,,,,,,,,,,,,,,,,,,,,,,,,,,,,,,,,,,,,,,,,,,,,,,,,,,,,,,,,,,,,,,,,,,,,,83.90090000000001,,,,,,,,,,,,,,,,,,,,,,,,,,,,,,,,,,,,,,82.41155,,,,,,,,,,,,,,,,,,81.24565,,,,,,,,100.0
