sample_id	A	B	C	D	E	F	G	H	I	J	K	L	M	N	O	P	Q	R	S	T	U	V	W	Y	Z	genus_final	species_final	functional_group
HN00157641_AMT60212	0.0	0.0	3.9987	1.3544	7.288	4.3212	8.5779	2.999	2.1283	5.5466	9.5453	7.3202	5.8368	0.5482	1.8704	5.4176	1.0964	0.0	19.7356	2.3541	2.4186	2.0961	0.0	0.0	0.0	Lactiplantibacillus	Lactiplantibacillus plantarum	LAB
HN00157641_CPP6002	0.0264	0.0264	5.1783	1.2946	8.7186	2.6948	6.4729	3.4875	3.461	4.782	8.5865	4.3857	5.3369	1.6645	2.6156	6.0238	2.9062	0.0	25.9974	4.0423	1.4795	1.5852	0.0	0.0	0.0	Bacillus	Bacillus velezensis	Bacillus_group
HN00158226_AMT-62212	0.0	0.0	3.7915	1.5511	6.5489	4.2223	7.0228	2.542	2.542	7.109	10.3404	7.7984	5.5149	0.3447	2.1112	5.7734	1.5941	0.0	19.9052	2.4558	2.4558	1.7665	0.0	0.0	0.0	Levilactobacillus	Levilactobacillus brevis	LAB
HN00158226_AMT-62411	0.0	0.0	4.1996	1.2946	7.8939	4.2943	9.1569	3.5049	2.3366	5.4942	9.8832	5.9994	5.6205	0.4421	1.8314	5.3679	0.9157	0.0	19.419	2.2419	2.5576	2.3682	0.0	0.0	0.0	Lactiplantibacillus	Lactiplantibacillus pentosus	LAB
HN00158226_AMT-86116	0.053	0.0	3.9746	1.6958	6.7303	5.6704	7.4722	3.2856	2.7027	8.3731	7.7901	8.3731	6.4653	0.4769	1.8018	6.2003	1.2189	0.0	20.9857	1.5898	2.4907	2.5967	0.0	0.0	0.0	Weissella	Weissella confusa	LAB
HN00158226_AMT-912711	0.0	0.0	3.8442	1.7474	9.2361	5.342	8.1877	4.4433	2.7459	7.8882	9.336	5.5916	5.0924	0.4493	2.1468	6.4403	1.2481	0.0	18.7219	1.997	1.9471	1.5976	0.0499	0.0	0.0	Leuconostoc	Leuconostoc mesenteroides	LAB
HN00158226_F1493	0.0	0.0	3.7451	1.5092	5.6456	6.2046	11.1794	2.9625	2.7949	8.8876	9.6143	6.2046	6.3164	0.4472	2.0123	4.1364	1.2297	0.0	19.8994	2.3477	2.5713	2.4036	0.0	0.0	0.0	Pediococcus	Pediococcus acidilactici	LAB
HN00158226_GS200142	0.0	0.0	3.7871	1.7912	5.1177	5.3224	6.2948	2.6612	2.4053	8.2395	9.6725	7.523	5.3224	0.4606	2.5589	4.4012	0.9212	0.0	21.2385	1.9447	3.173	2.61	0.0	0.0	0.0	Latilactobacillus	Latilactobacillus sakei	LAB
HN00158226_K200742	0.0	0.0	4.1081	1.3343	6.8469	3.8624	10.4284	2.177	2.1419	5.8638	8.6376	8.8483	4.9157	0.2458	1.9663	5.1615	0.9831	0.0	19.4874	2.1067	1.5098	3.2303	0.0	0.0	0.0	Lacticaseibacillus	Lacticaseibacillus paracasei	LAB
HN00158226_TJ3-03	0.0	0.0	3.4812	1.5722	6.5693	5.5587	7.8608	2.7513	2.4705	8.9837	9.1522	8.1415	6.1202	0.393	2.2459	4.7165	0.8422	0.0	20.4941	2.4144	2.8074	2.4705	0.0561	0.0	0.0	Pediococcus	Pediococcus pentosaceus	LAB
HN00160728_K40318	0.0452	0.0	4.1573	1.4008	7.7271	6.1907	7.0944	3.9313	2.3046	7.5915	9.4442	6.3714	5.1514	0.4519	1.8979	6.6878	1.0393	0.0	20.0633	2.169	1.7171	2.3498	0.0	0.0	0.0	Lactococcus	Lactococcus lactis	LAB
HN00161493_KY0014	0.0	0.0	3.9518	1.3396	6.6979	3.9183	10.0134	2.3443	2.0764	5.5593	8.6403	9.578	4.923	0.2344	1.8754	5.1239	0.9042	0.0	19.7924	2.0764	1.4401	3.081	0.0	0.0	0.0	Lacticaseibacillus	Lacticaseibacillus paracasei	LAB
HN00163376_AMT88628	0.0	0.0	3.8615	1.3981	7.257	4.3941	8.9214	3.1957	2.1638	5.6591	10.0866	5.6924	5.8921	0.5326	1.9973	5.1598	0.9654	0.0	19.4075	2.4634	2.5632	2.4967	0.0	0.0	0.0	Lactiplantibacillus	Lactiplantibacillus plantarum	LAB
HN00163376_FA111	0.0498	0.0249	5.056	1.0959	8.9664	2.6152	7.4222	3.3873	3.2877	4.5579	8.5181	4.3337	5.7285	1.5193	2.8144	6.3014	2.3661	0.0	25.9527	4.0847	1.4944	1.594	0.0	0.0	0.0	Bacillus	Bacillus subtilis	Bacillus_group
HN00167634_C4-2	0.0	0.0192	4.3878	1.1113	8.8714	2.8741	5.7099	2.9891	2.6442	4.3687	8.8906	6.0165	5.001	1.1496	2.1077	5.7482	1.8586	0.0	26.1928	4.0812	1.2263	2.3759	0.0766	0.0	0.0	Bacillus	Bacillus cereus	Bacillus_group
HN00167634_CPP0006	0.0519	0.0259	5.0856	1.2974	8.5366	2.7504	6.1495	3.4769	3.1915	4.6705	8.5625	4.7743	5.6046	1.5828	2.5688	5.9419	2.439	0.0	26.5439	3.9958	1.5309	1.4011	0.0259	0.0	0.0	Bacillus	Bacillus amyloliquefaciens	Bacillus_group
HN00167634_K200347	0.0	0.0	3.6182	1.678	5.0341	5.2963	7.3414	2.6219	2.3073	8.5999	8.6523	11.2218	4.8768	0.3671	2.3597	4.1951	0.6817	0.0	20.1363	1.9402	2.6219	2.517	0.0	0.0	0.0	Latilactobacillus	Latilactobacillus curvatus	LAB
HN00171167_F3034	0.0937	0.0234	5.2015	1.1481	9.6532	2.671	8.552	3.2568	2.9756	4.6157	9.3018	3.3505	4.85	1.3824	2.4367	7.2165	2.3899	0.0	25.2812	3.6785	1.359	1.9447	0.0937	0.0	0.0	unresolved	Bacillus sp.	Other
HN00171167_F3035	0.0532	0.0266	4.7911	1.2244	9.1296	2.7682	6.5744	3.3804	2.9811	5.0572	8.8901	3.8062	5.1105	1.8366	2.6351	6.2018	1.9963	0.0	25.1797	4.5781	1.1445	1.4107	0.0	0.0	0.0	Bacillus	Bacillus altitudinis	Bacillus_group
HN00171167_F3039	0.028	0.028	4.9047	1.2052	9.5291	2.6345	7.0348	3.4753	3.3072	5.3251	8.9686	3.4193	5.213	1.8498	2.8027	6.4182	2.3543	0.0	24.972	4.5684	1.2612	1.7096	0.028	0.0	0.0	Bacillus	Bacillus safensis	Bacillus_group
HN00171167_F3062	0.0274	0.0274	4.9795	1.2038	9.3297	2.5718	6.7579	3.4473	3.119	5.2257	9.0287	4.0492	5.0616	1.8331	2.8181	6.4569	2.1614	0.0	24.8427	4.5417	1.1765	1.5321	0.0274	0.0	0.0	Bacillus	Bacillus pumilus	Bacillus_group
HN00171167_F3071	0.0278	0.0278	4.9431	1.1941	9.4418	2.6104	7.0536	3.499	3.1658	5.2763	9.0253	3.6101	5.0264	1.8606	2.8048	6.4427	2.4715	0.0	25.1041	4.5821	1.1663	1.5274	0.0	0.0	0.0	Bacillus	Bacillus safensis	Bacillus_group
HN00173995_F3121	0.0277	0.0277	5.0927	1.2732	9.189	2.6017	6.7811	3.4597	3.0999	5.3418	9.023	3.7365	5.0374	1.9374	2.7678	5.8954	2.3803	0.0	25.3252	4.5115	1.2455	1.5776	0.0277	0.0	0.0	Bacillus	Bacillus pumilus	Bacillus_group
HN00173995_F3303	0.0281	0.0281	5.4433	1.2626	9.3154	2.7217	6.9304	3.6756	3.5915	5.0224	8.5578	3.844	5.6397	1.5993	2.6936	6.4815	2.9461	0.0	25.6173	4.2368	1.4871	1.6274	0.0	0.0	0.0	Bacillus	Bacillus velezensis	Bacillus_group
HN00173995_F3309	0.0182	0.0182	4.3866	1.2559	8.9552	2.6574	5.2967	3.0397	2.7303	4.3138	8.7914	5.2967	5.3695	1.2013	2.1114	5.6425	2.257	0.0	26.2104	4.0044	1.2013	2.7667	0.0728	0.0	0.0182	Bacillus	Bacillus thuringiensis	Bacillus_group
HN00173995_MK3-11	0.0	0.0395	5.0425	0.969	9.5709	2.2148	6.9013	3.4408	3.5396	4.1131	9.294	3.3419	4.5877	1.0678	2.4323	6.0708	2.0566	0.0	25.4894	4.5086	1.226	1.5226	0.0198	0.0	0.0	Priestia	Priestia megaterium	Bacillus_group
HN00173995_MK3-15	0.0	0.024	4.2237	1.0799	9.4312	2.8318	6.6955	2.8558	3.8877	5.1116	8.6153	4.1037	4.4636	1.6559	2.5438	5.9755	2.6398	0.0	25.462	4.4396	1.3439	1.8958	0.024	0.0	0.0	Rossellomorea	Rossellomorea marisflavi	Bacillus_group
HN00173995_MK7-12	0.0	0.0937	5.9953	1.2646	10.2108	3.2787	5.1054	4.4028	4.8244	7.5878	6.6511	8.103	4.5433	0.2342	3.7939	6.5574	2.2482	0.0	19.8595	3.3255	1.4988	1.5457	0.0	0.0	0.0468	Micrococcus	Micrococcus luteus	Other
HN00173995_MK7-50	0.0397	0.0397	5.115	1.7843	8.3664	4.0048	5.3132	4.1634	2.498	6.7407	7.3354	7.0975	5.0753	0.3172	2.7359	6.701	1.2688	0.0	22.5218	1.9033	1.5464	2.2205	0.0	0.0	0.0397	unresolved	Staphylococcus sp.	Other
HN00173995_T10-36	0.0	0.0436	5.8413	1.3514	11.0288	3.6181	5.9721	4.3592	5.0131	7.1055	7.367	6.9311	4.3156	0.2616	3.531	6.626	2.0052	0.0	20.2267	2.9207	1.4821	1.3078	0.0	0.0	0.0	unresolved	Kocuria sp.	Other
HN00173995_T10-42	0.0	0.0	3.7017	1.3812	5.4696	5.3591	12.3204	2.7624	2.7624	8.8398	9.7238	7.5691	6.0773	0.3867	2.0994	4.4199	0.7735	0.0	18.5635	2.5967	2.5967	2.7072	0.0	0.0	0.0	Pediococcus	Pediococcus acidilactici	LAB
HN00175004_F3085	0.0267	0.0267	4.8077	1.2286	9.0011	2.6442	6.5972	3.4455	3.0182	5.0748	8.8675	3.7393	4.9947	1.8697	2.6709	6.1699	2.0566	0.0	25.4274	4.4605	1.1218	1.469	0.0	0.0	0.0	Bacillus	Bacillus altitudinis	Bacillus_group
HN00175004_F3276	0.1394	0.0232	4.9733	1.3247	8.7846	2.6261	7.7155	3.2535	2.6261	4.4852	9.1099	3.6951	5.1592	1.4873	2.719	6.3909	2.138	0.0	26.4234	3.6486	1.4641	1.8127	0.0465	0.0	0.0	Bacillus	Bacillus glycinifermentans	Bacillus_group
HN00175004_GS00019	0.0	0.0	3.9338	1.5199	6.5266	4.4703	7.823	2.7269	2.5481	7.3312	10.5945	7.5995	5.8561	0.3576	2.4139	5.7667	1.6093	0.0	19.401	2.5928	2.4586	2.0563	0.0	0.0	0.0	Levilactobacillus	Levilactobacillus brevis	LAB
HN00175004_GS00024	0.0477	0.0	4.4826	1.4783	7.8684	6.3424	6.7239	4.1011	2.3367	7.9161	8.8698	7.2961	5.2456	0.4292	1.8598	6.0563	1.0968	0.0	20.4578	2.1459	1.9552	1.9552	0.0	0.0	0.0	Lactococcus	Lactococcus lactis	LAB
HN00175004_GS00026	0.027	0.027	4.9149	1.2152	9.2087	2.5385	6.7243	3.4026	2.9976	5.158	9.1277	3.8617	4.9419	1.8093	2.6735	6.2652	1.9714	0.0	25.3038	4.4558	1.1342	1.5123	0.0	0.0	0.0	Bacillus	Bacillus altitudinis	Bacillus_group
HN00175004_MK2-49	0.0285	0.0	7.5364	1.4559	6.109	4.2535	4.1108	5.7665	2.141	6.1661	7.879	5.2241	6.8227	4.5104	2.7976	6.6229	1.6557	0.0	20.0114	2.3979	5.1099	1.5701	0.0571	0.0	0.0	Proteus	Proteus mirabilis	Other
HN00175486_F1015	0.0368	0.0368	5.6354	1.326	9.7974	3.7937	7.7716	4.3831	3.0939	6.4825	8.4715	5.1565	5.2302	0.2578	2.6519	6.9613	1.5838	0.0	22.1363	1.8785	1.4733	1.4365	0.0	0.0	0.0368	Staphylococcus	Staphylococcus gallinarum	Other
HN00175486_F1049	0.0405	0.0405	6.1943	1.2551	9.4737	3.9271	7.166	4.1296	3.2389	7.1255	8.0972	5.1417	5.4251	0.2429	2.5911	6.5992	1.498	0.0	21.7004	2.4291	1.2955	1.5385	0.0	0.0	0.0	Mammaliicoccus	Mammaliicoccus vitulinus	Other
HN00175486_F1319	0.0724	0.0241	4.8539	1.1108	8.4521	2.439	7.0997	3.1152	3.2842	4.4917	7.8966	7.462	5.1437	1.5697	2.6564	6.0372	2.2217	0.0	25.8633	3.9604	1.4731	1.6421	0.0241	0.0	0.0	Bacillus	Bacillus subtilis	Bacillus_group
HN00175486_F1320	0.0955	0.0239	4.8949	1.0745	8.6676	2.4833	7.3066	3.0802	2.9608	4.3935	7.9752	6.638	5.4919	1.5043	2.6504	6.0649	1.9819	0.0	26.361	3.9637	1.4327	1.4327	0.0239	0.0	0.0	Bacillus	Bacillus subtilis	Bacillus_group
HN00175486_F1321	0.0486	0.0243	4.6681	1.167	8.5582	2.4556	7.0265	3.0878	3.258	4.4736	8.072	6.7834	5.3246	1.556	2.6988	5.9567	2.1882	0.0	25.9178	4.2791	1.4831	1.629	0.0243	0.0	0.0	Bacillus	Bacillus subtilis	Bacillus_group
HN00175486_F1331	0.0542	0.0271	5.5541	1.2192	8.9407	2.6009	6.8003	3.5221	3.5221	4.8225	8.5614	4.5516	5.6353	1.5443	2.6009	6.2043	2.8989	0.0	25.7383	4.1994	1.4359	1.5443	0.0	0.0	0.0	Bacillus	Bacillus velezensis	Bacillus_group
HN00175486_F1340	0.049	0.0245	4.6523	1.1753	8.3741	2.4731	7.2233	3.0852	3.3546	4.5054	7.811	6.6112	5.3624	1.5671	2.5955	6.1214	2.4976	0.0	25.9794	4.334	1.4691	1.8364	0.0245	0.0	0.0	Bacillus	Bacillus subtilis	Bacillus_group
HN00175486_F3127	0.0376	0.0376	5.8227	1.3148	10.1803	3.7941	8.1518	4.1322	3.4936	6.4989	8.7528	4.0571	5.1465	0.1878	2.592	7.5507	1.8407	0.0	22.1638	1.9534	1.2397	1.3524	0.0	0.0	0.0376	Staphylococcus	Staphylococcus xylosus	Other
HN00175486_F3142	0.0274	0.0274	4.9521	1.2859	9.3023	2.6265	6.6758	3.4747	3.0643	5.2531	9.0014	3.8304	4.9248	1.8331	2.7086	5.8824	2.3529	0.0	25.0068	4.4596	1.2038	1.5321	0.0274	0.0	0.0	Bacillus	Bacillus pumilus	Bacillus_group
HN00175486_F3161	0.0769	0.0256	5.0513	1.1026	9.0256	2.4872	7.7179	3.2821	2.9487	4.7179	8.6923	4.1538	5.4615	1.5641	2.5641	6.3846	2.1026	0.0	26.6923	4.1282	1.4359	1.4359	0.0	0.0	0.0	Bacillus	Bacillus subtilis	Bacillus_group
HN00175486_F3168	0.0923	0.0231	5.0058	1.2687	8.6505	2.3991	7.9815	3.2065	2.6528	4.3829	9.0657	4.0138	4.729	1.4533	2.6528	6.436	2.2145	0.0	26.9204	4.083	1.361	1.8685	0.0231	0.0	0.0	Bacillus	Bacillus paralicheniformis	Bacillus_group
HN00175486_F3177	0.0415	0.0415	5.6799	1.3267	9.7844	4.2289	7.4212	4.3118	3.068	7.0896	8.0846	5.8043	5.0995	0.2902	2.9436	7.5456	1.3682	0.0	21.5589	1.7828	1.3682	1.2852	0.0	0.0	0.0415	Staphylococcus	Staphylococcus cohnii	Other
HN00175486_F3230	0.0264	0.0264	4.84	1.2695	9.0188	2.6184	6.4269	3.4382	2.9886	5.1045	8.9923	3.8085	5.0516	1.8514	2.6448	6.1359	2.1952	0.0	25.0727	4.3639	1.1902	1.5604	0.0	0.0	0.0	Bacillus	Bacillus aerophilus	Bacillus_group
HN00175486_F3232	0.0	0.0	2.9444	1.3618	6.0361	3.6437	9.3854	2.0243	2.2451	6.2569	9.3117	8.7597	4.7847	0.6993	2.2083	4.3062	1.325	0.0	20.795	2.1347	3.2021	2.0979	0.0736	0.0	0.0	Enterococcus	Enterococcus lactis	LAB
HN00175486_GS00022	0.0546	0.0273	4.8907	1.2295	9.3443	2.623	7.2131	3.4699	3.306	5.1913	9.071	3.4973	5.0546	1.776	2.8415	6.3934	2.5683	0.0	24.7814	4.6448	1.2295	1.4481	0.0273	0.0	0.0	Bacillus	Bacillus safensis	Bacillus_group
HN00175796_F3300	0.0281	0.0281	5.4433	1.2626	9.3154	2.7217	6.9304	3.6756	3.5915	5.0224	8.5578	3.8159	5.6397	1.5993	2.6936	6.4815	2.9461	0.0	25.6173	4.2649	1.4871	1.6274	0.0	0.0	0.0	Bacillus	Bacillus velezensis	Bacillus_group
HN00175796_F3301	0.0258	0.0258	4.5748	1.2923	8.7103	2.533	6.5392	3.36	2.9982	4.9625	8.762	4.4714	4.9367	1.9126	2.6622	6.0222	2.352	0.0	24.7868	4.3422	1.3699	1.4216	0.0	0.0	0.0	Bacillus	Bacillus safensis	Bacillus_group
HN00175796_F3306	0.0487	0.0243	5.2555	1.1436	9.0998	2.5547	8.4185	3.4793	2.8224	4.6715	9.2457	3.6496	4.9148	1.4355	2.7494	6.7397	2.2871	0.0	26.1557	4.1119	1.2652	1.9465	0.0243	0.0	0.0	Bacillus	Bacillus paralicheniformis	Bacillus_group
HN00175796_F3307	0.0274	0.0274	4.9863	1.2329	9.2877	2.6849	6.6575	3.4521	3.1233	5.2603	8.9863	3.6164	5.1507	1.8356	2.8493	6.3562	2.1096	0.0	24.8493	4.4932	1.1781	1.6438	0.0274	0.0	0.0	Bacillus	Bacillus altitudinis	Bacillus_group
HN00175796_F3369	0.0477	0.0239	5.3235	1.1697	9.9308	2.5543	8.3552	3.4376	2.984	4.7267	9.3578	3.2943	4.9415	1.5278	2.3872	7.3526	2.4588	0.0	25.6386	3.7957	1.4801	1.862	0.1432	0.0	0.0	unresolved	Bacillus sp.	Other
HN00175796_F3370	0.0892	0.0223	4.9052	1.2709	9.2308	2.631	8.0268	3.1438	2.7425	4.4147	9.1193	3.9688	4.7938	1.5162	2.4526	6.8227	2.2297	0.0	25.6187	3.5229	1.5608	2.029	0.0892	0.0	0.0	unresolved	Bacillus sp.	Other
HN00175796_F3371	0.1371	0.0228	4.8892	1.2794	8.6589	2.5817	7.608	3.1985	2.5817	4.4094	9.2072	3.7926	5.1862	1.485	2.7188	6.3057	2.1019	0.0	26.4336	3.5869	1.5079	1.9877	0.0457	0.0	0.0	Bacillus	Bacillus glycinifermentans	Bacillus_group
HN00175796_F3378	0.0	0.0193	4.591	1.2346	9.0471	2.8742	5.6906	3.125	2.9128	4.3981	8.9506	4.4753	5.2276	1.1767	2.1026	6.0764	1.929	0.0	26.1767	3.9738	1.331	2.6813	0.0386	0.0	0.0	Bacillus	Bacillus paranthracis	Bacillus_group
HN00175796_F3454	0.0269	0.0269	4.9529	1.2382	9.0444	2.5303	6.6756	3.4186	2.9879	5.1144	8.9367	4.0377	4.9529	1.8843	2.7456	6.245	1.965	0.0	25.3567	4.4953	1.1575	1.6151	0.0	0.0	0.0	Bacillus	Bacillus altitudinis	Bacillus_group
HN00175796_F3461	0.0246	0.0246	4.9273	1.0594	8.9677	2.5868	7.7113	3.2274	2.9564	4.6563	8.5243	4.3607	5.6171	1.5028	2.6854	6.3562	2.2912	0.0	25.9424	4.0158	1.5028	1.5028	0.0246	0.0	0.0	Bacillus	Bacillus subtilis	Bacillus_group
HN00175796_F3466	0.0539	0.0269	5.3071	1.2931	9.0248	2.7478	6.7888	3.6099	3.5022	4.8491	8.4052	4.7144	5.6304	1.5356	2.667	6.2231	2.8556	0.0	25.4849	3.9871	1.4009	1.4278	0.0	0.0	0.0	Bacillus	Bacillus velezensis	Bacillus_group
HN00175796_GS201401	0.0	0.0	3.9566	1.372	7.4984	4.2119	7.8175	3.0632	2.1059	5.4882	9.6043	8.9343	5.2967	0.3829	1.9464	5.5201	1.0211	0.0	18.4748	2.2336	2.2655	2.2655	0.0	0.0	0.0	Lactiplantibacillus	Lactiplantibacillus plantarum	LAB
HN00175796_GS201402	0.0	0.0	3.9461	1.3795	7.5393	4.2669	7.8601	3.0799	2.1174	5.486	9.6246	8.8226	5.3256	0.385	1.9249	5.5502	0.9945	0.0	18.4472	2.2457	2.2778	2.2778	0.0	0.0	0.0	Lactiplantibacillus	Lactiplantibacillus plantarum	LAB
HN00175796_GS41424	0.0281	0.0281	5.5259	1.2903	9.1725	2.7489	6.9285	3.7307	3.5905	4.9649	8.6115	4.1234	5.6381	1.5989	2.805	6.3955	2.9453	0.0	25.3857	4.3198	1.4306	1.4586	0.0	0.0	0.0	Bacillus	Bacillus velezensis	Bacillus_group
HN00175796_GS41425	0.0277	0.0277	4.8713	1.2455	9.5212	2.6847	6.9748	3.4874	3.1553	5.2588	8.9953	3.6258	4.982	1.9374	2.7678	6.3659	2.2696	0.0	25.0208	4.6776	1.1625	1.55	0.0	0.0	0.0	Bacillus	Bacillus safensis	Bacillus_group
HN00176442_F3372	0.0	0.0505	5.8289	1.1355	10.7999	2.4224	9.3111	3.5579	3.9616	4.3906	9.3616	7.1663	4.3654	0.2271	2.9775	6.6616	2.599	0.0	19.7325	4.3149	1.2869	1.7159	0.0	0.0	0.0	unresolved	Arthrobacter sp.	Other
HN00176442_GS40304	0.0	0.0	3.9255	1.6608	8.9582	5.4857	7.6497	4.3281	2.3654	7.9014	8.3543	6.7942	4.9321	0.3523	2.6673	6.2406	1.0569	0.0	18.621	1.9628	1.7614	1.7614	0.0503	0.0	0.0	Leuconostoc	Leuconostoc mesenteroides	LAB
HN00176442_GS40306	0.0	0.0186	4.5683	1.1747	9.0621	2.741	5.4447	2.9834	2.9275	4.3259	8.8197	4.2327	5.4261	1.1934	2.1816	5.8922	2.2189	0.0	26.8693	4.1581	1.212	2.9275	0.0746	0.0	0.0186	Bacillus	Bacillus cereus	Bacillus_group
HN00176442_GS41429	0.0	0.0	3.9303	1.5185	6.5208	4.4663	7.816	2.7244	2.5458	7.3247	10.6297	7.6373	5.8508	0.3573	2.4118	5.7615	1.6079	0.0	19.339	2.5904	2.4565	2.0545	0.0	0.0	0.0	Levilactobacillus	Levilactobacillus brevis	LAB
HN00176442_GSY0003	0.0273	0.0273	4.7723	1.2817	9.1901	2.5907	6.9539	3.4088	3.3542	5.2086	8.781	3.8996	5.045	1.9362	2.7543	6.2994	2.4816	0.0	25.0614	4.6087	1.1999	1.4181	0.0	0.0	0.0	Bacillus	Bacillus safensis	Bacillus_group
HN00176442_GSY0007	0.0769	0.0256	5.2065	1.1285	9.1818	2.5904	7.7199	3.3085	3.3342	4.6679	8.5407	3.6676	5.6425	1.5389	2.7443	6.5658	2.4622	0.0	26.4427	4.2319	1.4619	1.385	0.0	0.0	0.0	Bacillus	Bacillus subtilis	Bacillus_group
HN00176442_GSY0017	0.0281	0.0281	5.5259	1.2903	9.1725	2.7489	6.9285	3.7307	3.5905	4.9649	8.6115	4.1515	5.6381	1.5989	2.805	6.3955	2.9453	0.0	25.3857	4.2917	1.4306	1.4586	0.0	0.0	0.0	Bacillus	Bacillus velezensis	Bacillus_group
HN00179262_F4055	0.0	0.0207	6.9151	1.2215	9.5031	2.8986	9.8344	4.6791	2.8778	4.5756	10.4141	4.1408	6.0248	1.3872	2.6087	9.3996	2.236	0.0	19.0269	3.1263	3.4369	1.2629	0.0	0.0	0.0207	Klebsiella	Klebsiella pneumoniae	Other
HN00179262_F4206	0.0	0.0	3.8483	1.4714	5.15	5.4895	9.9604	2.7731	2.7731	8.9417	9.451	7.8098	6.2252	0.3962	2.2071	4.1313	1.245	0.0	19.9208	2.4901	2.8297	2.4335	0.0	0.0	0.0	Pediococcus	Pediococcus acidilactici	LAB
HN00179262_F4454	0.0923	0.0231	5.0046	1.2685	8.6485	2.3985	7.9797	3.2057	2.6522	4.3819	9.0637	4.0129	4.7279	1.453	2.6522	6.4345	2.214	0.0	26.9373	4.0821	1.3607	1.8681	0.0231	0.0	0.0	Bacillus	Bacillus paralicheniformis	Bacillus_group
HN00179328_F2309-1	0.0273	0.0273	4.9346	1.1996	9.2694	2.5627	6.6249	3.4351	3.1897	5.2072	8.8877	3.735	5.3435	1.8266	2.7808	6.3522	2.181	0.0	25.1363	4.6347	1.2814	1.5267	0.0545	0.0	0.0	Bacillus	Bacillus altitudinis	Bacillus_group
HN00179328_F2317	0.0267	0.0267	4.6766	1.2026	9.1929	2.5922	6.7076	3.287	3.0732	5.1042	8.7654	3.7146	5.1042	1.9508	2.7258	6.1999	2.3517	0.0	25.9754	4.4361	1.2026	1.4164	0.0	0.0	0.0	Bacillus	Bacillus safensis	Bacillus_group
HN00179328_K040706	0.0	0.0	3.6807	1.7107	5.0285	5.5469	6.3245	2.6957	2.6439	8.3981	9.7978	7.6205	5.2359	0.5702	2.4883	4.2509	0.9331	0.0	20.788	1.8663	3.0586	2.592	0.0	0.0	0.0	Latilactobacillus	Latilactobacillus sakei	LAB
HN00179328_KMGR2-43	0.04	0.0	3.6785	1.7993	7.1172	5.5578	6.3974	3.6785	2.0392	6.7173	9.6361	7.7569	5.1579	0.6397	1.6793	5.9976	1.1196	0.0	20.4318	1.9992	2.0792	2.519	0.0	0.0	0.0	Lactococcus	Lactococcus lactis	LAB
HN00180670_CHKJ1115-02	0.0	0.0	2.7951	1.4344	5.5903	3.5675	10.445	1.986	2.1699	6.0684	9.6359	9.5991	5.149	0.7356	2.317	4.4502	1.0298	0.0	20.3384	2.2435	3.1261	1.8389	0.0736	0.0	0.0	Enterococcus	Enterococcus faecium	LAB
HN00180670_CHKJ1127	0.0	0.0	2.8219	1.5168	5.5026	3.4568	10.4409	1.94	2.1869	5.8201	9.418	11.3933	5.0088	0.776	1.9753	4.3034	1.0229	0.0	19.2593	2.328	3.1393	1.9753	0.0353	0.0	0.0	Lactococcus	Lactococcus lactis	LAB
HN00180670_CHKJ1223-2	0.0	0.0	3.1139	1.38	5.5202	3.5032	10.2619	1.9816	2.3355	5.9448	9.3418	9.4834	5.1663	0.5662	2.1939	4.2817	1.0262	0.0	20.4883	2.1585	3.0432	2.1585	0.0354	0.0	0.0	Enterococcus	Enterococcus faecium	LAB
HN00180670_F2080	0.0	0.0	3.0208	1.4123	6.0416	3.9623	10.2001	2.1185	2.2754	6.5124	9.5724	8.0424	5.1393	0.7454	2.3931	4.3939	1.4123	0.0	20.9102	2.1969	3.2169	2.0008	0.0785	0.0	0.0	Enterococcus	Enterococcus lactis	LAB
HN00180670_F2121	0.0	0.0	3.022	1.4129	6.044	3.9639	10.2041	2.1193	2.2763	6.5149	9.5761	8.0848	5.1413	0.7457	2.394	4.3956	1.4129	0.0	20.8791	2.1978	3.2182	1.9623	0.0785	0.0	0.0	Enterococcus	Enterococcus lactis	LAB
HN00180670_K40327	0.0	0.0	4.3261	1.4975	7.4043	5.0333	9.3178	3.0366	2.6206	7.2379	9.817	4.7005	4.9085	0.5408	2.2463	4.3261	1.2479	0.0	22.3794	2.2047	3.7854	1.9551	0.0	0.0	0.0	Enterococcus	Enterococcus faecalis	LAB
HN00180670_MK1-10	0.0	0.0	2.9481	1.4151	6.0142	3.695	9.8664	1.8868	2.3585	6.4465	9.316	7.5865	5.6997	0.511	2.1619	4.4811	1.0613	0.0	21.6588	2.3192	2.9874	2.1226	0.0786	0.0	0.0	Enterococcus	Enterococcus faecium	LAB
HN00180670_MK1-12	0.0	0.0	2.99	1.3658	5.9801	3.5807	9.6346	1.9564	2.4363	6.1646	9.4131	6.6445	5.6109	0.7752	2.1779	4.4666	1.1443	0.0	21.2994	2.2518	3.3961	2.2148	0.0369	0.0	0.0	Enterococcus	Enterococcus faecium	LAB
HN00180670_MK1-13	0.0	0.0	4.0432	1.6013	7.2058	4.7638	8.4067	2.9624	2.3619	6.9255	9.7678	4.8839	4.5236	0.5604	2.0016	4.3235	1.1209	0.0	22.9784	2.0416	3.8831	2.0817	0.0	0.0	0.0	Enterococcus	Enterococcus faecalis	LAB
HN00180670_MK1-18	0.0	0.0	2.9567	1.4176	6.0348	3.9692	8.9915	1.8226	2.4706	6.6829	9.1535	10.3281	4.9818	0.486	2.1871	4.4147	1.0936	0.0	20.4941	2.4706	3.0377	2.4301	0.081	0.0	0.0	Enterococcus	Enterococcus faecium	LAB
HN00180670_MK1-34	0.0	0.0	4.109	1.5804	7.1513	4.7807	8.6132	2.8447	2.3706	6.8748	9.6405	5.6104	4.6622	0.5927	2.015	4.2276	1.1063	0.0	22.5603	2.3311	3.6744	1.936	0.0	0.0	0.0	Enterococcus	Enterococcus faecalis	LAB
HN00180670_MK1-9	0.0	0.0	4.0449	1.6019	7.2087	4.7657	8.4101	2.9636	2.3628	6.9283	9.7717	4.8859	4.5254	0.5607	2.0024	4.3252	1.1213	0.0	22.9876	2.0425	3.8446	2.0825	0.0	0.0	0.0	Enterococcus	Enterococcus faecalis	LAB
HN00180670_MK2-12	0.0	0.0	4.0769	1.5769	7.0	4.6154	7.6154	2.7692	2.3462	6.6538	9.0	5.7308	5.0385	0.5	1.9615	4.1923	1.1154	0.0	23.0385	2.1154	3.8462	2.0385	0.0	0.0	0.0	Enterococcus	Enterococcus faecalis	LAB
HN00180670_MK2-3	0.0	0.0	4.2403	1.492	7.1849	4.7899	8.4806	2.7483	2.3557	6.7923	9.5406	5.4181	4.5936	0.5497	2.0024	4.044	1.0993	0.0	23.086	2.552	3.5336	2.1201	0.0	0.0	0.0	Enterococcus	Enterococcus faecalis	LAB
HN00180670_MK2-6	0.0	0.0	4.0432	1.6013	7.2058	4.7638	8.4067	2.9624	2.3619	6.9255	9.7678	4.8839	4.5236	0.5604	2.0016	4.3235	1.1209	0.0	22.9784	2.0416	3.8831	2.0817	0.0	0.0	0.0	Enterococcus	Enterococcus faecalis	LAB
HN00195341_AMT-61016	0.0	0.0	3.6771	1.7751	6.3821	4.0997	7.0161	2.4937	2.4514	7.0161	10.1437	8.0727	6.0017	0.3381	2.3669	5.1986	1.4793	0.0	19.6534	2.5782	2.4514	1.7329	0.0	0.0	0.0	Levilactobacillus	Levilactobacillus brevis	LAB
HN00195341_CHKJ1253026	0.0258	0.0258	5.3106	1.1085	9.255	2.5522	7.8371	3.3772	3.2483	4.6919	8.7136	3.9185	5.5684	1.5726	2.7327	6.6512	2.346	0.0	26.3728	4.2795	1.4952	1.6241	0.0	0.0	0.0	Bacillus	Bacillus subtilis	Bacillus_group
HN00195341_DK250101	0.0519	0.0	4.0975	1.7116	7.4689	5.4461	8.7656	3.527	2.9046	8.195	7.6245	7.0539	6.3797	0.6224	2.2303	6.5871	1.3485	0.0	20.4876	1.7635	2.9564	2.0228	0.1037	0.0	0.0	Weissella	Weissella cibaria	LAB
HN00195341_DK250105	0.0	0.0	3.8481	1.7491	9.2454	5.3473	8.1959	4.4478	2.7486	7.7961	9.3453	5.6472	5.0975	0.4498	2.1489	6.4468	1.2494	0.0	18.7406	1.999	1.8991	1.5992	0.05	0.0	0.0	Leuconostoc	Leuconostoc mesenteroides	LAB
HN00195341_DK250126	0.0	0.0	3.9491	1.4034	7.6371	4.3081	7.9634	3.0679	2.154	5.5809	9.7258	8.3877	5.3198	0.3916	1.9256	5.5483	1.0117	0.0	18.6031	2.2846	2.252	2.2846	0.0	0.0	0.0	Lactiplantibacillus	Lactiplantibacillus plantarum	LAB
HN00195341_DK250312	0.0	0.0	3.9659	1.3438	7.7024	4.3265	7.9974	3.1465	2.1632	5.6047	9.7673	8.5218	5.3425	0.3933	1.9338	5.6703	0.9833	0.0	18.5841	2.2943	2.196	2.2943	0.0	0.0	0.0	Lactiplantibacillus	Lactiplantibacillus plantarum	LAB
HN00195341_DK50004	0.0	0.0	3.962	1.3425	7.7276	4.3549	7.9895	3.1434	2.1611	5.5992	9.7577	8.4807	5.3373	0.3929	1.9319	5.6974	0.9823	0.0	18.5331	2.2921	2.1938	2.2921	0.0	0.0	0.0	Lactiplantibacillus	Lactiplantibacillus plantarum	LAB
HN00195341_DK50032	0.0	0.0	3.6889	1.7241	6.1748	4.0898	7.0168	2.5261	2.4459	6.656	10.3448	10.1043	5.9342	0.3609	2.3657	5.1323	1.4034	0.0	19.3264	2.3256	2.4058	1.8845	0.0	0.0	0.0	Levilactobacillus	Levilactobacillus brevis	LAB
HN00195341_G2-10	0.0	0.0	4.1888	1.5929	6.6667	6.1357	8.3776	2.8319	2.6549	9.4395	9.6755	7.0796	5.8997	0.472	2.3009	4.5428	1.2979	0.0	19.882	2.3599	2.7729	1.9469	0.059	0.0	0.0	Pediococcus	Pediococcus pentosaceus	LAB
HN00195341_G3-29	0.0	0.0	3.9059	1.6525	9.1137	5.308	8.012	4.5068	2.4537	7.9119	8.3125	7.1607	5.1077	0.4006	2.5038	6.5098	1.0015	0.0	18.3776	1.9029	1.6525	1.5023	0.0501	0.0	0.0	Leuconostoc	Leuconostoc mesenteroides	LAB
HN00195341_JJ1-135	0.0	0.0	3.743	1.5084	5.6425	6.2011	11.1732	2.9609	2.7933	8.8827	9.6089	6.257	6.3128	0.4469	2.0112	4.1341	1.2291	0.0	19.8883	2.3464	2.5698	2.4022	0.0	0.0	0.0	Pediococcus	Pediococcus acidilactici	LAB
HN00196390_AMT-60411	0.0	0.0	3.9721	1.6103	9.5545	5.6897	8.1589	4.5625	2.8449	8.3199	9.0177	5.6361	5.2067	0.3757	2.1471	6.4412	1.1809	0.0	18.0891	2.0934	1.7713	1.8787	0.0537	0.0	0.0	Leuconostoc	Leuconostoc mesenteroides	LAB
HN00196390_CHKJ1122	0.0	0.0	2.8259	1.5189	5.5104	3.4617	10.4203	1.9428	2.19	5.8283	9.4313	11.3387	5.0159	0.7771	1.9781	4.3094	1.0244	0.0	19.2511	2.3313	3.1438	1.9781	0.0353	0.0	0.0	Lactococcus	Lactococcus lactis	LAB
HN00196390_DK250125	0.0518	0.0	4.0911	1.9161	7.0948	5.5412	7.8198	3.3143	2.9001	8.2341	7.8716	8.1305	6.5769	0.3625	1.8643	6.5251	1.2947	0.0	20.6629	1.5536	2.4858	2.2268	0.0	0.0	0.0	Weissella	Weissella confusa	LAB
HN00196390_F2132	0.0531	0.0265	5.1752	1.2208	8.8376	2.6274	6.9533	3.5032	3.4501	4.7505	8.4926	4.4321	5.4406	1.5393	2.5478	6.396	2.8132	0.0	25.8493	4.0605	1.4066	1.9374	0.0	0.0	0.0	Bacillus	Bacillus velezensis	Bacillus_group
HN00196390_F2151	0.0824	0.0275	5.4915	1.263	9.0884	2.6908	6.9742	3.5695	3.7617	4.9423	8.5942	4.6129	5.6837	1.5376	2.6634	6.2878	3.0478	0.0	25.2883	4.3108	1.4827	1.62	0.0549	0.0	0.0	Bacillus	Bacillus velezensis	Bacillus_group
HN00196390_K200109	0.0487	0.0	4.1423	1.8031	7.6511	5.2632	8.8207	3.6062	2.8752	7.6511	8.0897	7.7485	6.0429	0.5848	2.2417	6.1891	1.2183	0.0	19.7368	1.7057	2.729	2.0468	0.0487	0.0	0.0	Weissella	Weissella cibaria	LAB
HN00196390_K200234	0.0	0.0	3.268	1.7597	4.726	5.1282	7.4912	2.363	2.0613	8.1448	8.2956	12.7702	4.9271	0.3519	2.2624	3.821	0.7039	0.0	19.1051	1.6591	2.5641	3.3685	0.0	0.0	0.0	Latilactobacillus	Latilactobacillus curvatus	LAB
HN00196390_K40028	0.0452	0.0	4.161	1.4021	7.7341	6.1511	7.1009	3.9349	2.3066	7.5984	9.4527	6.332	5.156	0.4523	1.8996	6.6938	1.0403	0.0	20.0362	2.171	1.7187	2.3519	0.0	0.0	0.0	Lactococcus	Lactococcus lactis	LAB
HN00196390_K40049	0.0	0.0	3.6862	1.7904	5.3712	5.4239	6.4244	2.6856	2.3697	8.4781	9.6893	7.9516	5.4766	0.5266	2.4223	4.476	0.7899	0.0	20.7478	1.8431	3.1596	2.7909	0.0	0.0	0.0	Latilactobacillus	Latilactobacillus sakei	LAB
HN00196390_KFT18	0.0	0.0	3.0278	1.4517	6.3874	4.0232	10.2862	2.0738	2.4471	6.8436	9.5396	6.2215	4.8113	0.7466	2.1983	4.438	1.2443	0.0	21.9411	2.2812	3.4011	1.8664	0.083	0.0	0.0	Enterococcus	Enterococcus lactis	LAB
HN00196822_AMT-60612	0.0	0.0	3.4411	1.6684	4.9009	5.2659	7.4557	2.3983	2.2419	8.4463	8.9155	11.5746	4.6403	0.4692	2.2941	3.9103	0.7821	0.0	20.2294	1.7205	2.6069	2.5547	0.0	0.0	0.0	Latilactobacillus	Latilactobacillus curvatus	LAB
HN00196822_AMT-86113	0.0502	0.0	4.1144	1.706	7.4762	5.3186	8.0783	3.4621	2.86	8.0281	7.3256	9.1821	6.1214	0.6021	2.007	6.2218	1.2042	0.0	20.0201	1.706	2.8098	1.706	0.1505	0.0	0.0	Weissella	Weissella cibaria	LAB
HN00196822_K200228	0.0444	0.0	4.0853	1.5098	7.5933	6.0835	7.238	3.8632	2.2202	7.5488	9.5027	5.6838	5.1066	0.444	2.0426	6.5275	1.0213	0.0	21.2256	2.1314	1.6874	1.9538	0.0	0.0	0.0	Lactococcus	Lactococcus lactis	LAB
HN00196822_K40725	0.0	0.0	3.9078	1.3694	7.515	4.4088	8.4168	3.4402	2.1042	5.678	9.9866	6.1122	6.1122	0.6012	1.9038	5.511	1.0688	0.0	18.8377	2.5718	2.5718	2.0708	0.0	0.0	0.0	Lactiplantibacillus	Lactiplantibacillus plantarum	LAB
HN00200515_AMT-62920	0.0	0.0	3.3766	1.8182	5.2987	5.7143	6.026	2.3377	2.3377	8.4156	9.1429	8.3117	5.5065	0.6753	2.4935	4.3636	0.9351	0.0	21.7143	2.026	2.8571	2.4935	0.0	0.0	0.0	Latilactobacillus	Latilactobacillus sakei	LAB
HN00200515_AMT-73813	0.0	0.0	3.6786	1.5846	6.6214	5.6027	7.6967	2.7165	2.4901	9.0549	9.3945	8.5456	5.6593	0.283	2.4335	4.4709	0.9055	0.0	20.3735	2.2637	2.4901	2.2071	0.0	0.0	0.0	Pediococcus	Pediococcus pentosaceus	LAB
HN00200515_AMT-74226	0.0	0.0	3.893	1.3541	7.4137	4.5024	9.0047	3.2837	2.1327	5.7549	9.9865	6.0596	5.5856	0.4739	1.7603	5.4164	0.9479	0.0	19.6682	2.4712	2.4712	2.2681	0.0	0.0	0.0	Lactiplantibacillus	Lactiplantibacillus plantarum	LAB
HN00200515_DKM250103	0.0	0.0	3.87	1.4964	9.4943	5.5212	8.1011	4.644	2.6832	8.2043	8.2559	6.3467	5.1084	0.4128	2.4252	6.4499	1.1352	0.0	18.7822	2.0124	1.7544	1.4448	0.1032	0.0	0.0	Leuconostoc	Leuconostoc mesenteroides	LAB
HN00200515_GS00003	0.0	0.0	3.9356	1.5206	6.5295	4.4723	7.8265	2.7281	2.5492	7.3345	10.5993	7.5581	5.8587	0.3578	2.415	5.7692	1.61	0.0	19.4097	2.5939	2.4597	2.0572	0.0	0.0	0.0	Levilactobacillus	Levilactobacillus brevis	LAB
HN00200515_GS00008	0.0512	0.0	4.1965	1.7912	7.4207	5.4759	8.7001	3.6847	2.9683	8.0348	7.9324	6.4483	7.0113	0.6653	2.0983	6.4483	1.2282	0.0	20.9314	1.6888	2.7124	1.8936	0.0512	0.0	0.0	Weissella	Weissella cibaria	LAB
HN00200515_GS00049	0.0449	0.0	4.1798	1.4831	7.4157	6.3371	7.191	3.6404	2.2472	7.5506	10.3371	5.8876	5.0337	0.4494	1.8427	6.1124	1.0337	0.0	20.9888	2.1124	1.573	2.1124	0.0	0.0	0.0	Lactococcus	Lactococcus lactis	LAB
HN00200515_GS200102	0.0	0.0	3.9303	1.5185	6.5654	4.4663	7.816	2.7691	2.5458	7.3247	10.5851	7.6373	5.8508	0.3573	2.4118	5.7615	1.6079	0.0	19.339	2.5904	2.4565	2.0545	0.0	0.0	0.0	Levilactobacillus	Levilactobacillus brevis	LAB
HN00200515_GS200141	0.0	0.0	3.7526	1.797	5.1268	5.4968	6.8182	2.8013	2.4313	8.5095	10.0423	7.611	5.2326	0.4757	2.537	4.5455	0.7928	0.0	20.5074	1.9556	3.1712	2.5899	0.0	0.0	0.0	Latilactobacillus	Latilactobacillus sakei	LAB
HN00200515_K40006	0.0503	0.0	4.1268	1.6608	7.3981	5.3347	8.153	3.2713	2.8686	8.0523	7.4484	9.4615	6.1902	0.5536	2.1137	6.0896	1.2079	0.0	19.5269	1.7111	2.8686	1.6608	0.151	0.0	0.0	Weissella	Weissella cibaria	LAB
HN00200515_KY0001	0.0	0.0	3.9431	1.3898	7.1429	4.1694	8.5973	3.4583	2.1978	5.4622	10.278	6.3672	5.4299	0.5171	2.0362	5.3006	1.0019	0.0	18.9722	2.521	2.4887	2.1978	0.0	0.0	0.0	Lactiplantibacillus	Lactiplantibacillus plantarum	LAB
HN00200515_KY0017	0.0556	0.0	4.3938	1.7241	6.9522	5.7286	7.1746	3.3927	2.9477	8.5651	7.7864	9.9555	5.5061	0.4449	2.2803	6.8409	1.2792	0.0	19.8554	1.8354	2.1691	1.7798	0.0556	0.0	0.0	Weissella	Weissella paramesenteroides	LAB
HN00200749_GS00038	0.0	0.0	3.9268	1.5172	6.5596	4.4623	7.809	2.7666	2.5435	7.3182	10.5756	7.6751	5.8456	0.357	2.4096	5.7564	1.6064	0.0	19.3217	2.5881	2.4543	2.0527	0.0	0.0	0.0	Levilactobacillus	Levilactobacillus brevis	LAB
HN00200749_K200115	0.0	0.0	3.7634	1.828	5.3226	5.5914	6.8817	2.8495	2.5269	8.6559	10.0	7.043	5.1075	0.5376	2.5269	4.4624	0.7527	0.0	21.3441	1.8817	2.957	2.5269	0.0	0.0	0.0	Latilactobacillus	Latilactobacillus sakei	LAB
HN00200749_K42834	0.0	0.0	3.653	1.725	4.9721	5.2258	6.8493	2.486	2.3338	8.2699	8.6251	11.8721	4.9214	0.4566	2.2831	4.0081	0.761	0.0	20.1421	1.725	2.7397	2.6383	0.0	0.0	0.0	Latilactobacillus	Latilactobacillus curvatus	LAB
HN00200749_KK200119	0.0439	0.0	3.9491	1.4919	7.8104	6.0553	6.8451	3.8613	2.1501	7.3278	8.9952	7.0645	5.09	0.6143	2.0623	6.6257	1.097	0.0	20.7108	1.8429	2.0184	2.1501	0.0	0.0	0.0	Lactococcus	Lactococcus lactis	LAB
HN00200749_MK2-46	0.0519	0.0	3.9419	1.5041	5.7573	5.2905	6.8983	3.112	2.0228	8.5581	8.2469	7.5726	5.3942	0.5705	2.1784	6.1203	0.778	0.0	22.8734	2.2303	1.8672	2.0228	0.0519	0.0	0.0519	unresolved	Lactococcus sp.	Other
HN00200749_T10-11	0.0	0.0	4.0232	1.2615	7.3645	4.33	9.1374	3.2731	2.1821	5.8302	10.1943	5.387	6.2053	0.5455	1.8411	5.3188	1.0228	0.0	19.775	2.4889	2.523	2.0798	0.0	0.0	0.0	Lactiplantibacillus	Lactiplantibacillus plantarum	LAB
HN00203775_CHKJ1253002	0.0258	0.0258	5.3065	1.1077	9.2736	2.5502	7.8568	3.3745	3.2457	4.6883	8.7069	3.9413	5.5641	1.5714	2.7306	6.6718	2.3442	0.0	26.3524	4.2761	1.4941	1.6229	0.0	0.0	0.0	Bacillus	Bacillus subtilis	Bacillus_group
HN00203775_F2100	0.0	0.0	3.0172	1.4107	6.0345	3.9577	10.1881	2.116	2.2727	6.5047	9.5611	8.0329	5.1332	0.7445	2.3903	4.3887	1.4107	0.0	20.8856	2.1944	3.2524	1.9984	0.0784	0.0	0.0	Enterococcus	Enterococcus lactis	LAB
HN00203775_F4043	0.0	0.0	4.1172	1.291	7.6064	4.501	8.8974	3.2449	2.268	5.9316	10.642	4.9546	5.8269	0.5583	1.8842	5.4082	1.0816	0.0	19.7837	2.5122	2.6169	2.1982	0.0	0.0	0.0	Lactiplantibacillus	Lactiplantibacillus plantarum	LAB
HN00203775_F4202	0.0	0.0	3.1472	1.4612	5.77	3.5969	9.7415	1.9858	2.3604	6.1821	9.6665	9.1045	4.7958	0.6744	2.248	4.0465	1.0865	0.0	20.3072	2.0232	3.2222	2.323	0.0375	0.0	0.0	Enterococcus	Enterococcus lactis	LAB
HN00203775_F4207	0.0	0.0	3.8198	1.4823	5.1881	5.5302	9.9772	2.7936	2.7936	9.008	9.4071	7.6967	6.2144	0.3991	2.2235	4.1619	1.2543	0.0	19.8404	2.5086	2.8506	2.4515	0.0	0.0	0.0	Pediococcus	Pediococcus acidilactici	LAB
HN00204805_CHKJ1211-1	0.0	0.0198	4.5122	1.1478	9.4597	2.9883	5.66	2.9092	3.1071	4.3934	9.1431	3.7008	5.3236	1.1676	2.1571	5.9964	2.1967	0.0	26.8751	4.1164	1.1478	2.7508	0.0198	0.0	0.0198	Bacillus	Bacillus tropicus	Bacillus_group
HN00204805_F1208	0.0	0.0402	5.6225	1.1446	9.9398	2.1687	7.8313	3.7149	3.6145	4.0161	9.6586	4.5181	4.3173	1.0843	2.249	6.2651	2.4699	0.0	23.9759	3.8956	1.4859	1.7068	0.0803	0.0	0.0	Priestia	Priestia filamentosa	Bacillus_group
HN00204805_F1249-1	0.0278	0.0278	5.5031	1.2785	9.005	2.7237	6.8927	3.6687	3.5297	4.8916	8.5325	4.0022	5.5864	1.5842	2.7515	6.3646	2.9461	0.0	25.7365	4.1134	1.4452	1.473	0.0	0.0	0.0	Bacillus	Bacillus velezensis	Bacillus_group
HN00204805_FA0221	0.0253	0.0253	5.2552	1.2127	9.1208	2.5771	7.1248	3.3098	3.3855	4.7499	8.7165	4.3456	5.5584	1.5159	2.7034	6.2911	2.6529	0.0	25.998	4.0677	1.3138	1.5664	0.0505	0.0	0.0	Bacillus	Bacillus atrophaeus	Bacillus_group
HN00215192_CH2-11	0.0408	0.0815	6.6449	1.4268	7.4195	2.8536	2.8129	5.0143	4.1582	7.2564	4.5658	9.6616	7.0526	1.7937	3.5874	5.8296	2.5275	0.0	19.2825	3.4651	3.4651	1.753	0.0815	0.0	0.0408	unresolved	Psychrobacter sp.	Other
HN00222446_AMT-87013	0.0	0.0	3.8164	1.5988	9.18	5.4667	7.5812	4.6931	2.5786	8.1485	8.3548	6.8592	5.2089	0.361	2.1145	6.395	1.083	0.0	18.5147	2.1145	1.7019	1.6503	0.0516	0.0	0.0	Leuconostoc	Leuconostoc mesenteroides	LAB
HN00222446_AMT73616	0.0	0.0	4.0232	1.3518	7.2739	4.2807	8.5613	2.9932	2.1564	5.5359	9.5269	7.2095	5.8256	0.5472	1.8668	5.4071	1.1265	0.0	19.8584	2.3495	2.4139	2.0921	0.0	0.0	0.0	Lactiplantibacillus	Lactiplantibacillus plantarum	LAB
HN00222446_CH2-30	0.0405	0.081	6.6019	1.4176	7.3714	2.8352	2.7947	4.9818	4.1312	7.2094	4.5768	9.842	7.0474	1.7821	3.5642	5.7918	2.5111	0.0	19.3601	3.4832	3.4427	1.7416	0.081	0.0	0.0405	unresolved	Psychrobacter sp.	Other
HN00222446_CHKJ1408	0.0659	0.022	4.6384	1.275	8.1776	2.572	8.0018	3.2095	2.616	4.1548	8.947	5.0341	4.6823	1.4509	2.6379	6.0453	1.9785	0.0	26.5553	3.6931	1.4069	1.6707	0.022	0.0	0.0	Bacillus	Bacillus paralicheniformis	Bacillus_group
HN00222446_FA0107	0.0273	0.0273	5.3191	1.2821	9.0289	2.7005	7.0104	3.5461	3.6552	4.8554	8.6197	4.2008	5.401	1.5548	2.5914	6.4921	2.946	0.0	25.3682	4.3099	1.3912	1.8003	0.0	0.0	0.0	Bacillus	Bacillus velezensis	Bacillus_group
HN00222446_FA0422	0.0531	0.0265	5.0928	1.2732	8.8064	2.6525	6.817	3.4748	3.5544	4.7215	8.4615	4.5889	5.3581	1.5385	2.5464	6.2599	2.9178	0.0	25.809	4.0849	1.4058	1.7507	0.0265	0.0	0.0	Bacillus	Bacillus velezensis	Bacillus_group
HN00222446_FA0508	0.0	0.0	3.7004	0.9251	7.6843	2.0591	12.1009	2.7604	2.2531	3.581	11.4145	4.4017	4.1629	1.4026	2.1785	6.0728	2.2381	0.0	20.7699	5.6252	1.1638	2.1337	0.0149	0.0	0.1044	unresolved	Paenibacillus sp.	Other
HN00222446_GS40726	0.0	0.0	3.9303	1.5185	6.5654	4.4663	7.816	2.7691	2.5458	7.3247	10.5851	7.5927	5.8508	0.3573	2.4118	5.7615	1.6525	0.0	19.339	2.5904	2.4565	2.0545	0.0	0.0	0.0	Levilactobacillus	Levilactobacillus brevis	LAB
HN00222446_GSY0035	0.0279	0.0279	5.4951	1.2552	9.0656	2.7615	6.834	3.7378	3.5704	4.9651	8.6192	3.9052	5.523	1.5621	2.8173	6.3877	3.1799	0.0	25.6346	4.1562	1.4226	1.59	0.0	0.0	0.0	Bacillus	Bacillus velezensis	Bacillus_group
HN00222446_JJ1-101	0.0	0.0943	5.9434	1.2736	10.0472	3.3019	4.8585	4.434	4.5755	7.5472	6.5094	7.8774	4.2453	0.2358	3.9151	6.3208	2.1698	0.0	20.6604	3.4434	1.5094	1.7453	0.0	0.0	0.0472	Micrococcus	Micrococcus luteus	Other
HN00222446_KO11-19	0.0383	0.0383	6.1303	1.341	9.1188	3.9847	7.0498	4.1379	3.4483	6.705	8.1992	5.2107	5.0192	0.2682	2.6437	7.0115	1.8391	0.0	22.2989	2.0307	1.3027	1.4943	0.0	0.0	0.0383	Staphylococcus	Staphylococcus equorum	Other
HN00222446_Sea08-36	0.0	0.02	4.12	1.1	8.14	2.02	9.42	3.38	2.7	4.2	10.08	4.06	4.84	1.9	2.32	6.66	2.54	0.0	22.64	6.24	1.26	2.24	0.02	0.0	0.1	Paenibacillus	Paenibacillus chitinolyticus	Bacillus_group
HN00222446_T1-19	0.0754	0.0251	4.9497	1.0553	8.9698	2.4372	7.5126	3.1658	2.9899	4.5729	8.191	6.608	5.3266	1.6332	2.5628	6.2312	2.0854	0.0	25.9045	4.1709	1.4573	1.5578	0.0	0.0	0.0	Bacillus	Bacillus subtilis	Bacillus_group
HN00223109_AMT-912213	0.0495	0.0	4.1605	1.6345	7.3799	5.3492	8.0733	3.4671	2.8232	8.0238	7.578	7.0332	7.3799	0.6439	2.1793	6.0921	1.2382	0.0	21.05	1.7335	3.0213	2.1793	0.1486	0.0	0.0	Weissella	Weissella cibaria	LAB
HN00223109_MK1-41	0.0	0.0	2.9615	1.4199	6.0446	3.9757	8.9655	1.8256	2.4746	6.6531	9.1684	10.2637	4.9899	0.4868	2.1907	4.4219	1.0953	0.0	20.5274	2.4746	3.0426	2.4341	0.0811	0.0	0.0	Enterococcus	Enterococcus faecium	LAB
HN00223109_T7-42	0.0	0.0	3.6374	1.3572	5.3746	5.266	12.3779	2.7144	2.7144	8.6862	9.7177	7.7633	5.9718	0.38	2.1173	4.4517	0.76	0.0	18.6211	2.6602	2.5516	2.8773	0.0	0.0	0.0	Pediococcus	Pediococcus acidilactici	LAB
HN00223109_TPP6047	0.0279	0.0279	5.3911	1.3128	9.0223	2.6816	6.7598	3.6592	3.6034	4.9721	8.324	4.2179	5.5587	1.5922	2.7374	6.3687	3.1844	0.0	25.7263	4.1899	1.4804	1.5922	0.0	0.0	0.0	Bacillus	Bacillus velezensis	Bacillus_group
HN00226248_AMT-63123	0.0	0.0	3.9908	1.3193	7.4538	4.3865	8.7071	3.0673	2.1438	5.6398	9.6306	6.9261	5.5739	0.5607	1.748	5.5079	1.0884	0.0	19.8549	2.3747	2.4077	2.1108	0.0	0.0	0.0	Lactiplantibacillus	Lactiplantibacillus plantarum	LAB
HN00226248_TPP3038	0.0278	0.0278	5.4257	1.2799	9.1541	2.6989	6.8726	3.6728	3.6728	4.9527	8.4029	3.951	5.6205	1.586	2.6989	6.3161	3.1163	0.0	25.7652	4.2849	1.4747	1.5303	0.0	0.0	0.0	Bacillus	Bacillus velezensis	Bacillus_group
HN00234071_Bifi-B2104	0.0	0.0654	3.2047	1.7659	10.0719	4.9052	8.1099	3.5971	2.3545	9.3525	7.4559	7.4559	5.4284	0.1308	2.6161	4.8398	0.4578	0.0	16.743	3.5971	2.0929	2.7469	0.0	0.0	0.0	Bifidobacterium	Bifidobacterium animalis	Other
HN00251139_BGIL25015	0.0	0.0247	5.0173	1.1122	9.3673	2.8176	10.1087	2.7929	3.0153	4.8443	9.9357	3.7568	4.0781	1.3347	2.348	7.217	2.2244	0.0	23.0351	4.3253	0.9886	2.348	0.0247	0.0	0.0	Shouchella	Shouchella clausii	Bacillus_group
HN00251139_BGIL25041	0.0	0.0269	4.2976	1.2624	8.7027	2.9546	8.837	2.7934	2.5248	5.0497	8.9175	3.5187	4.7542	2.2025	2.7934	6.7956	2.0145	0.0	23.5563	4.9154	1.719	2.1219	0.0	0.0	0.0	Shouchella	Shouchella miscanthi	Bacillus_group
HN00251139_BJS25001	0.0369	0.0369	5.7891	1.5855	9.1445	3.208	5.3835	3.6504	3.7979	6.4528	7.6327	6.7847	4.7198	1.5487	3.1342	5.531	2.5074	0.0	22.1608	3.6504	1.1799	1.5118	0.0	0.0	0.0	Salimicrobium	Salimicrobium jeotgali	Other
HN00251139_BJS25005	0.0	0.0658	6.4187	1.3496	10.7637	2.9296	5.3983	4.1804	3.8183	5.8591	5.9908	6.1883	6.5504	0.5596	3.7525	6.5504	2.6662	0.0	18.7294	3.4891	2.2054	1.0862	0.0	0.0	0.0329	Octadecabacter	Octadecabacter arcticus	Other
HN00251139_BJS25013	0.0379	0.0758	5.9091	1.3636	10.6439	2.7273	5.6061	4.8485	4.9621	5.947	7.1591	6.25	5.1136	0.1894	2.7652	5.4167	2.4621	0.0	21.8939	3.6364	1.4015	1.6288	0.0	0.0	0.0	Janibacter	Janibacter melonis	Other
HN00251139_BJS25028	0.0	0.0411	7.0226	1.5195	10.4312	3.8604	5.7495	4.271	2.6694	7.4333	6.3244	6.3655	5.1335	0.2464	3.039	7.3922	2.1355	0.0	22.2177	2.1766	1.4784	1.5606	0.0	0.0	0.0	unresolved	Salinicoccus sp.	Other
HN00251139_BJS25031	0.0	0.0208	4.3297	1.1657	8.4513	2.8726	6.7444	2.8934	3.2265	4.5171	8.2639	4.2465	4.6628	1.8318	2.6644	5.4538	2.1024	0.0	24.9584	5.3913	1.5196	1.6236	0.0416	0.0	0.0	Bacillus	Bacillus infantis	Bacillus_group
HN00251139_BJS25032	0.0378	0.0755	6.1533	1.4345	10.6455	2.718	5.3605	4.6055	5.134	5.9268	7.4745	6.4553	5.134	0.151	3.322	5.2473	2.6048	0.0	21.5553	3.3598	1.3968	1.5478	0.0	0.0	0.0	Serinicoccus	Serinicoccus profundi	Other
HN00251139_BMX25005	0.0	0.0218	3.9747	1.1793	8.801	2.8827	6.4861	2.8609	3.1011	4.8264	8.4298	4.3459	4.6298	1.6598	2.8827	5.6781	2.031	0.0	26.5342	4.4551	1.3977	1.7908	0.0437	0.0	0.0437	Rossellomorea	Rossellomorea vietnamensis	Bacillus_group
HN00251139_BMX25007	0.0	0.0248	4.5184	1.2165	9.285	2.7805	5.9831	3.2771	3.3764	4.9652	7.3237	5.1887	4.5929	1.6634	3.1529	4.9652	2.0357	0.0	24.6524	4.0715	1.7875	1.4647	0.0	0.0	0.0248	unresolved	Halobacillus sp.	Other
HN00251139_BTH25001	0.0	0.0	3.1368	1.4361	5.9335	3.7037	10.1663	1.9274	2.3054	6.2736	9.9773	5.9713	5.2532	0.7181	2.1164	4.5351	1.0582	0.0	21.3152	2.2298	3.5525	2.2676	0.0378	0.0	0.0	Enterococcus	Enterococcus faecium	LAB
HN00251139_BTH25041	0.0	0.0823	6.5432	1.4403	10.8642	3.0041	6.9959	4.2387	4.5679	6.5844	7.284	8.5597	5.5144	0.2058	3.2922	6.4609	2.716	0.0	18.8889	3.2099	1.358	1.358	0.0	0.0	0.0412	Kocuria	Kocuria palustris	Other
HN00251139_KCUT25010	0.0	0.028	5.7671	1.6237	8.8466	2.3236	6.131	3.3875	3.5834	5.5711	7.5028	6.243	4.7032	1.1758	2.9955	6.047	2.0717	0.0	24.1601	2.9955	2.1277	1.7357	0.0	0.0	0.0	unresolved	Virgibacillus sp.	Other
HN00251139_KJS25013	0.044	0.044	7.6111	1.6278	7.7871	3.4756	3.2996	5.3234	4.8834	8.095	4.8394	5.1474	7.2591	1.4958	3.9595	6.0273	2.0238	0.0	20.4136	3.6516	3.5196	1.4078	0.088	0.0	0.0	Uncultured	Uncultured delta	Other
HN00251139_KJS25018	0.0441	0.0441	7.4107	1.588	7.4107	3.4848	3.0878	5.2492	4.8522	7.8959	4.7199	5.3816	7.0578	1.4998	4.0141	6.3079	2.2497	0.0	20.5558	3.6171	3.4848	1.7644	0.0441	0.0	0.0	Psychrobacter	Psychrobacter pacificensis	Other
HN00251139_KJS25024	0.0	0.1052	8.0673	1.7187	9.4704	3.1217	4.4546	5.0509	3.6478	6.5591	6.3486	5.9979	7.0852	0.6314	4.0337	7.6464	2.3501	0.0	18.9758	4.0337	2.2098	1.5433	0.0351	0.0	0.0	Halomonas	Halomonas elongata	Other
HN00251139_KJS25025	0.0	0.1159	5.8733	1.7388	9.9304	2.8594	5.6414	4.289	4.4822	6.8393	7.6507	8.5008	4.1731	0.3091	3.3617	5.6414	2.4343	0.0	20.2473	3.4776	1.391	2.2025	0.0	0.0	0.0386	Gordonia	Gordonia alkanivorans	Other
HN00251139_KYF25002	0.0	0.0915	6.0412	1.7391	8.7872	3.4325	4.6224	5.6751	4.0732	7.0481	6.865	7.6888	5.2174	0.3661	3.2952	6.4531	2.1968	0.0	19.4508	2.8833	1.6018	2.5629	0.0	0.0	0.0	Kytococcus	Kytococcus sedentarius	Other
HN00252244_BMX25010	0.0	0.0	4.3201	1.4237	7.7565	4.6637	8.1983	3.1419	2.7	7.8547	9.082	10.5056	4.9092	0.5891	2.4546	4.271	1.2273	0.0	20.0295	2.2091	2.8473	1.4728	0.0	0.0	0.0	Tetragenococcus	Tetragenococcus osmophilus	LAB
HN00280011_AMT-60913	0.0	0.0	3.7803	1.454	7.2698	4.2973	8.4653	3.1987	2.0032	5.525	10.0808	7.6575	5.8805	0.4847	1.874	5.3958	1.0985	0.0	18.9661	2.4233	2.391	2.2294	0.0	0.0	0.0	Lactiplantibacillus	Lactiplantibacillus plantarum	LAB
HN00280011_AMT-62814-2	0.0568	0.0	4.375	1.7614	7.2727	5.8523	8.5227	3.5227	3.4091	8.75	7.9545	7.7273	5.9091	0.2841	2.4432	6.9318	1.7045	0.0	19.3182	2.0455	2.1023	1.9318	0.0	0.0	0.0	Weissella	Weissella paramesenteroides	LAB
HN00280011_AMT-74420	0.0	0.0	4.0973	1.5323	7.2618	4.3304	8.561	3.0979	2.2318	5.6296	10.5596	6.1292	5.8961	0.4997	2.0986	5.1965	1.0326	0.0	18.9873	2.6316	2.465	2.2318	0.0	0.0	0.0	Lactiplantibacillus	Lactiplantibacillus plantarum	LAB
HN00280011_AMT-913617	0.0579	0.0	4.4612	1.9119	7.1263	5.3302	7.1842	3.3604	3.2445	8.9224	7.416	9.8494	5.6779	0.5214	2.2016	6.6049	1.4484	0.0	19.6408	1.854	2.3175	1.5643	0.0	0.0	0.0	Weissella	Weissella jogaejeotgali	LAB
HN00280011_BEG25026	0.0	0.0	4.4333	1.422	7.6537	4.1824	10.2049	3.3459	2.133	6.9845	9.5358	9.4939	4.4333	0.5019	2.4258	4.5588	1.1711	0.0	19.8243	2.3421	2.4676	1.5893	0.0	0.0	0.0	Tetragenococcus	Tetragenococcus halophilus	LAB
HN00280011_BGIL25058	0.0	0.0	3.6145	1.0542	7.8313	2.2758	12.4498	2.8112	2.5602	3.9826	11.2282	3.3802	3.7985	1.7403	2.1419	6.6265	2.1921	0.0	20.2811	6.1747	1.1044	2.0582	0.0335	0.0	0.1004	Paenibacillus	Paenibacillus amylolyticus	Bacillus_group
HN00280011_BSO25040	0.0	0.0218	4.8085	0.9356	10.161	2.6327	11.3577	3.0461	2.8285	4.678	11.0748	3.7859	4.3734	1.4143	2.2628	7.1584	2.067	0.0	22.4326	4.9608	1.349	2.2411	0.0	0.0	0.0	unresolved	Oceanobacillus sp.	Other
HN00280011_C3-36	0.0	0.0709	5.9178	1.2048	10.7371	2.9766	6.2013	4.5712	5.1028	5.9887	8.0085	8.2211	5.1382	0.2126	3.1538	6.2367	2.5868	0.0	19.7023	3.4373	1.2757	1.63	0.0	0.0	0.0354	Corynebacterium	Corynebacterium appendicis	Other
HN00280011_C4-50	0.0	0.0	2.7142	1.4734	5.4285	3.7611	7.3284	1.8224	2.5204	6.4366	8.9957	12.7181	6.3978	0.5428	2.1326	3.7999	0.9694	0.0	18.3792	1.9387	3.2959	2.0938	0.0	0.0	0.0	Enterococcus	Enterococcus faecium	LAB
HN00280011_CHKJ1253001	0.0258	0.0258	5.3351	1.1082	9.2526	2.5515	7.8351	3.3763	3.2474	4.6907	8.7113	3.9433	5.567	1.5722	2.732	6.6495	2.3454	0.0	26.3402	4.2784	1.4948	1.6237	0.0	0.0	0.0	Bacillus	Bacillus subtilis	Bacillus_group
HN00280011_CHKJ153021-2	0.0695	0.0232	4.8667	1.2746	8.5979	2.4334	8.2735	3.314	2.7346	4.3337	9.0614	4.3569	4.7277	1.5295	2.5724	6.3499	2.0394	0.0	26.6049	3.8239	1.4137	1.7613	0.0232	0.0	0.0	Bacillus	Bacillus paralicheniformis	Bacillus_group
HN00280011_F1016	0.0841	0.042	7.6082	1.4712	8.1547	3.0265	3.2787	5.2963	4.876	7.6923	4.9601	6.137	5.8428	1.6814	3.657	6.3892	2.3539	0.0	21.1433	3.3628	3.2787	1.4292	0.0841	0.0	0.042	Psychrobacter	Psychrobacter alimentarius	Other
HN00280011_F1169-1	0.0	0.0	3.7732	1.1524	8.1041	2.6208	10.0558	2.9182	2.2305	4.145	10.1301	5.2416	4.3494	1.487	2.4907	7.1375	2.1747	0.0	20.1115	5.223	1.3941	1.9703	0.0372	0.0	0.0372	Paenibacillus	Paenibacillus urinalis	Bacillus_group
HN00280011_F2153	0.0271	0.0271	5.266	1.3029	9.0119	2.6873	6.9761	3.5288	3.5559	4.8588	8.6591	4.6417	5.3474	1.5472	2.5787	6.4061	2.823	0.0	25.4615	4.2617	1.3844	1.8187	0.0	0.0	0.0	Bacillus	Bacillus velezensis	Bacillus_group
HN00280011_GS00031	0.0	0.0	3.9321	1.5192	6.5237	4.4683	7.8195	2.7256	2.5469	7.328	10.5898	7.6408	5.8534	0.3575	2.4129	5.7641	1.6086	0.0	19.3476	2.5916	2.4576	2.0554	0.0	0.0	0.0	Levilactobacillus	Levilactobacillus brevis	LAB
HN00280011_KCUT25001	0.0	0.0268	5.2829	1.314	8.34	2.4135	7.026	3.7007	3.0839	5.3097	8.0451	6.9992	4.3443	1.8235	2.9767	6.1142	2.0381	0.0	22.3652	3.9689	2.3062	2.3062	0.0	0.0	0.0268	Virgibacillus	Virgibacillus dokdonensis	Bacillus_group
HN00280011_KCUT25011	0.0	0.0256	4.873	1.6927	9.5153	2.5135	6.771	2.9238	2.7443	5.1552	7.9508	5.1552	3.8728	1.5389	3.0521	6.4888	2.1031	0.0	24.7499	3.4624	2.1288	1.9749	0.1026	0.0	0.0	Virgibacillus	Virgibacillus halodenitrificans	Bacillus_group
HN00280011_KCUT25019	0.0278	0.0278	4.9444	1.3611	9.2778	2.7222	6.7778	3.4444	2.9444	5.3333	8.4444	4.7222	5.0833	1.9722	2.6944	6.4167	2.4444	0.0	24.7778	4.6111	1.3889	1.5556	0.0556	0.0	0.0	Bacillus	Bacillus pumilus	Bacillus_group
HN00280011_KCUT25026	0.0	0.027	4.9163	1.1885	9.2382	2.4851	5.9697	2.8633	3.2145	5.0243	7.8336	6.2939	4.5921	1.6748	2.9984	6.2939	2.215	0.0	25.5538	3.9168	1.4587	1.4587	0.027	0.0	0.0	Oceanobacillus	Oceanobacillus iheyensis	Bacillus_group
HN00280011_KJS25004	0.0	0.1808	7.0503	1.2654	9.7017	2.9527	3.5854	4.8207	3.7662	5.7849	6.2971	6.8394	6.1464	2.3501	4.0675	7.1708	2.8924	0.0	19.8252	5.2727	1.9283	1.5969	0.0	0.0	0.0	unresolved	Halomonas sp.	Other
HN00280011_KJS25048	0.0385	0.0385	6.9337	1.4253	7.1649	3.0046	2.9661	4.7766	4.3143	6.9723	4.8151	11.9029	5.9707	1.4638	3.7365	5.3929	1.8105	0.0	19.9923	3.7365	2.8891	1.8105	0.0385	0.0	0.0	unresolved	Psychrobacter sp.	Other
HN00280011_KK200214	0.0	0.0	3.7198	1.7979	8.9275	6.0136	5.7037	4.2157	2.6658	9.2994	8.1215	6.3856	6.0136	0.496	2.7278	6.2616	0.9299	0.0	18.8469	2.6038	2.1079	1.4879	0.0	0.0	0.0	Leuconostoc	Leuconostoc mesenteroides	LAB
HN00280011_KYF25005	0.0699	0.1048	7.3699	1.3273	8.4177	3.1436	3.6326	4.89	4.9249	6.846	5.344	7.2302	6.2522	1.4321	4.0517	5.4488	2.7943	0.0	20.2585	3.5976	2.9689	1.3622	0.1048	0.0	0.0	unresolved	Psychrobacter sp.	Other
HN00280011_L11-28	0.0	0.0	3.4236	1.1219	7.7563	2.205	10.4642	3.0368	2.4371	4.3327	9.9226	5.2805	4.294	2.0309	2.3791	6.1896	2.0503	0.0	20.0967	6.4023	1.3153	1.9729	0.0387	0.0	0.0774	Paenibacillus	Paenibacillus barcinonensis	Bacillus_group
HN00280011_L11-30	0.0	0.0285	5.1238	1.4233	9.1944	2.7612	5.6362	3.5867	3.1597	5.3231	6.9172	5.1808	4.1845	2.078	2.7327	4.8676	1.5656	0.0	24.7367	3.7859	3.0174	1.4802	0.0	0.0	0.0	unresolved	Virgibacillus sp.	Other
HN00280011_Sea9-11	0.0	0.0184	4.4318	1.085	9.3049	2.7216	5.6638	2.979	3.1078	4.395	8.7532	4.6708	5.4064	1.1769	2.1147	5.719	2.2067	0.0	26.2229	4.0272	1.1769	2.5745	0.0736	0.0	0.0184	Bacillus	Bacillus toyonensis	Bacillus_group
HN00281774_BMX25006	0.0	0.0268	3.9431	1.2071	9.147	2.3605	7.8594	2.3337	2.9775	5.0429	8.1813	4.721	4.6942	2.0386	2.7897	6.0354	2.1727	0.0	24.6781	4.6137	1.7436	2.1727	0.0	0.0	0.0	Oceanobacillus	Oceanobacillus kapialis	Bacillus_group
HN00281774_BSO25019	0.0	0.0468	5.6882	1.0534	10.3464	2.5749	8.8717	3.1835	2.9728	5.0094	9.5974	5.1264	3.9326	1.3109	2.4345	6.4607	2.2706	0.0	24.0871	4.3071	1.3577	2.2472	0.0	0.0	0.0	Oceanobacillus	Oceanobacillus oncorhynchi	Bacillus_group
HN00281774_BSO25044	0.0517	0.0258	5.1653	1.1364	9.22	2.5052	7.7221	3.4349	3.3058	4.6746	8.7035	3.9256	5.6043	1.5496	2.6343	6.5599	2.3502	0.0	26.3688	4.2872	1.4721	1.6012	0.0	0.0	0.0	Bacillus	Bacillus subtilis	Bacillus_group
HN00281774_C4-31	0.0	0.0406	5.77	1.3409	11.54	3.332	6.664	4.3072	4.551	6.3795	7.5985	6.989	4.7542	0.2032	3.1288	7.1516	2.5193	0.0	19.7074	2.7225	1.4628	1.3816	0.0	0.0	0.0	Glutamicibacter	Glutamicibacter protophormiae	Other
HN00281774_KRS25004	0.0	0.0438	6.6988	1.5762	9.6322	4.2907	5.5604	4.5534	2.9772	7.9247	6.5674	6.7863	5.7793	0.2627	3.0648	6.7863	2.1016	0.0	21.2785	1.8389	1.6637	1.4448	0.0	0.0	0.0	unresolved	Salinicoccus sp.	Other
HN00281774_Sea9-10	0.0	0.0	3.4351	1.0655	7.6972	2.4014	11.5458	2.6877	2.1788	3.8327	10.8779	3.6419	4.2144	1.6698	2.2901	6.5204	2.131	0.0	20.881	5.8206	1.145	1.5903	0.0636	0.0	0.0954	Paenibacillus	Paenibacillus xylanilyticus	Bacillus_group
