sample_id	total_length_bp	n_contigs	N50	L50	largest_contig_bp	GC_pct	n_contigs_ge20kb	pct_length_in_contigs_ge20kb	genus_initial	species_initial	functional_group	Completeness	Contamination	pacbio_type	pacbio_total_bases	pacbio_mean_read_kb	pacbio_n50_bp	illumina_filtered_total_bases	pacbio_depth_x	illumina_depth_x	genus_final_validated	species_final_validated
HN00157641_AMT60212	3418584	9	3159859	1	3159859	44.29	5	98.82	Lactiplantibacillus	Lactiplantibacillus plantarum	LAB	100.0	2.05	Subread	857359949	8.192	10660	725612185	250.8	212.3	Lactiplantibacillus	Lactiplantibacillus plantarum
HN00157641_CPP6002	4090508	2	4075096	1	4075096	46.45	1	99.62	Bacillus	Bacillus velezensis	Bacillus_group	100.0	0.01	Subread	909092379	9.625	12308	825124384	222.2	201.7	Bacillus	Bacillus velezensis
HN00158226_AMT-62212	2455720	5	2325009	1	2325009	45.93	4	99.62	Levilactobacillus	Levilactobacillus brevis	LAB	100.0	0.05	Subread	487141306	9.725	12787	552420615	198.4	225.0	Levilactobacillus	Levilactobacillus brevis
HN00158226_AMT-62411	3726762	4	3612893	1	3612893	46.18	3	99.54	Lactiplantibacillus	Lactiplantibacillus pentosus	LAB	100.0	0.35	Subread	624568042	10.698	13628	776304577	167.6	208.3	Lactiplantibacillus	Lactiplantibacillus pentosus
HN00158226_AMT-86116	2275823	2	2258439	1	2258439	44.83	1	99.24	Weissella	Weissella confusa	LAB	100.0	2.27	Subread	553693058	8.878	11161	722004409	243.3	317.2	Weissella	Weissella confusa
HN00158226_AMT-912711	2156091	3	2093706	1	2093706	37.03	2	99.35	Leuconostoc	Leuconostoc mesenteroides	LAB	100.0	1.33	Subread	601132922	9.107	11111	771754263	278.8	357.9	Leuconostoc	Leuconostoc mesenteroides
HN00158226_F1493	1999801	1	1999801	1	1999801	42.38	1	100.0	Pediococcus	Pediococcus acidilactici	LAB	100.0	0.9	Subread	607042847	9.719	12050	571496900	303.6	285.8	Pediococcus	Pediococcus acidilactici
HN00158226_GS200142	2067057	3	2003784	1	2003784	41.09	2	99.28	Latilactobacillus	Latilactobacillus sakei	LAB	100.0	0.32	Subread	625520620	10.593	13293	662141718	302.6	320.3	Latilactobacillus	Latilactobacillus sakei
HN00158226_K200742	3163604	3	3059607	1	3059607	46.21	2	99.64	Lacticaseibacillus	Lacticaseibacillus paracasei	LAB	99.97	0.22	Subread	634647592	9.654	11852	788298683	200.6	249.2	Lacticaseibacillus	Lacticaseibacillus paracasei
HN00158226_TJ3-03	1886652	5	1759132	1	1759132	37.29	2	97.75	Pediococcus	Pediococcus pentosaceus	LAB	100.0	0.44	Subread	618009332	10.167	12539	621655751	327.6	329.5	Pediococcus	Pediococcus pentosaceus
HN00160728_K40318	2426077	4	2310524	1	2310524	35.16	3	99.66	Lactococcus	Lactococcus lactis	LAB	100.0	0.66	Subread	695313985	10.203	12345	931454061	286.6	383.9	Lactococcus	Lactococcus lactis
HN00161493_KY0014	3280202	5	3122797	1	3122797	46.35	4	99.67	Lacticaseibacillus	Lacticaseibacillus paracasei	LAB	100.0	0.87	Subread	899219137	9.053	10851	777727605	274.1	237.1	Lacticaseibacillus	Lacticaseibacillus paracasei
HN00163376_AMT88628	3331931	4	3191483	1	3191483	44.38	3	99.63	Lactiplantibacillus	Lactiplantibacillus plantarum	LAB	100.0	0.52	Subread	484660144	8.961	11038	2573836796	145.5	772.5	Lactiplantibacillus	Lactiplantibacillus plantarum
HN00163376_FA111	4264231	1	4264231	1	4264231	43.41	1	100.0	Bacillus	Bacillus subtilis	Bacillus_group	100.0	0.64	Subread	581252084	9.605	11993	2909440397	136.3	682.3	Bacillus	Bacillus subtilis
HN00167634_C4-2	5555608	5	5310994	1	5310994	35.4	2	99.43	Bacillus	Bacillus cereus	Bacillus_group	100.0	0.15	Subread	1275850426	9.459	11000	1222147019	229.7	220.0	Bacillus	Bacillus paranthracis
HN00167634_CPP0006	4204460	3	4014391	1	4014391	45.3	3	100.0	Bacillus	Bacillus amyloliquefaciens	Bacillus_group	100.0	0.0	Subread	1897740145	9.987	11875	1123268111	451.4	267.2	Bacillus	Bacillus amyloliquefaciens
HN00167634_K200347	1928284	1	1928284	1	1928284	41.89	1	100.0	Latilactobacillus	Latilactobacillus curvatus	LAB	99.99	0.3	Subread	659148033	8.483	10015	1072170458	341.8	556.0	Latilactobacillus	Latilactobacillus curvatus
HN00171167_F3034	4626968	1	4626968	1	4626968	45.24	1	100.0	unresolved	Bacillus sp.	Unresolved	100.0	0.96	Subread	967936995	8.528	10412	942032954	209.2	203.6	unresolved	Bacillus sp.
HN00171167_F3035	3856051	1	3856051	1	3856051	41.2	1	100.0	Bacillus	Bacillus altitudinis	Bacillus_group	100.0	0.2	Subread	882337861	8.903	10891	869744522	228.8	225.6	Bacillus	Bacillus altitudinis
HN00171167_F3039	3654280	1	3654280	1	3654280	41.77	1	100.0	Bacillus	Bacillus safensis	Bacillus_group	100.0	0.09	Subread	857885510	8.867	10833	1074858552	234.8	294.1	Bacillus	Bacillus safensis
HN00171167_F3062	3734400	1	3734400	1	3734400	41.38	1	100.0	Bacillus	Bacillus pumilus	Bacillus_group	100.0	0.01	Subread	792847278	9.204	11401	862683995	212.3	231.0	Bacillus	Bacillus aerophilus
HN00171167_F3071	3712374	1	3712374	1	3712374	41.71	1	100.0	Bacillus	Bacillus safensis	Bacillus_group	100.0	0.01	Subread	857373903	9.473	11794	939230635	231.0	253.0	Bacillus	Bacillus safensis
HN00173995_F3121	3726102	1	3726102	1	3726102	41.72	1	100.0	Bacillus	Bacillus pumilus	Bacillus_group	100.0	0.0	Subread	759175132	9.417	11273	1169985750	203.7	314.0	Bacillus	Bacillus pumilus
HN00173995_F3303	3881456	1	3881456	1	3881456	46.68	1	100.0	Bacillus	Bacillus velezensis	Bacillus_group	100.0	0.0	Subread	797713685	8.971	10931	924130570	205.5	238.1	Bacillus	Bacillus velezensis
HN00173995_F3309	6008605	3	5367013	1	5367013	34.94	3	100.0	Bacillus	Bacillus thuringiensis	Bacillus_group	100.0	1.55	Subread	1025650703	9.062	10804	998354922	170.7	166.2	Bacillus	Bacillus thuringiensis
HN00173995_MK3-11	5367709	4	5117307	1	5117307	38.02	4	100.0	Priestia	Priestia megaterium	Bacillus_group	100.0	0.46	Subread	1024630960	9.07	10833	999030701	190.9	186.1	Priestia	Priestia megaterium
HN00173995_MK3-15	4388249	1	4388249	1	4388249	48.58	1	100.0	Rossellomorea	Rossellomorea marisflavi	Bacillus_group	99.95	0.36	Subread	1072722026	8.847	10675	897093028	244.5	204.4	Rossellomorea	Rossellomorea marisflavi
HN00173995_MK7-12	2460577	1	2460577	1	2460577	73.19	1	100.0	Micrococcus	Micrococcus luteus	Other_Environmental	99.9	0.0	Subread	745919144	8.298	10660	441117508	303.1	179.3	Micrococcus	Micrococcus luteus
HN00173995_MK7-50	2672734	6	2513039	1	2513039	32.57	5	99.68	unresolved	Staphylococcus sp.	Unresolved	100.0	1.11	Subread	873372163	9.395	11219	1233332599	326.8	461.4	unresolved	Staphylococcus sp.
HN00173995_T10-36	2744347	1	2744347	1	2744347	71.15	1	100.0	unresolved	Kocuria sp.	Unresolved	99.99	0.1	Subread	794134107	8.513	10965	434170464	289.4	158.2	unresolved	Kocuria sp.
HN00173995_T10-42	1970306	3	1912377	1	1912377	42.27	2	99.55	Pediococcus	Pediococcus acidilactici	LAB	99.99	0.0	Subread	725411753	9.467	11589	912639068	368.2	463.2	Pediococcus	Pediococcus acidilactici
HN00175004_F3085	3817836	1	3817836	1	3817836	41.46	1	100.0	Bacillus	Bacillus altitudinis	Bacillus_group	100.0	0.02	Subread	763827934	8.364	10443	902860873	200.1	236.5	Bacillus	Bacillus altitudinis
HN00175004_F3276	4534392	3	3013760	1	3013760	46.15	2	99.9	Bacillus	Bacillus glycinifermentans	Bacillus_group	100.0	0.16	Subread	897122408	8.163	10149	589602937	197.8	130.0	Bacillus	Bacillus glycinifermentans
HN00175004_GS00019	2405817	5	2298458	1	2298458	45.84	3	99.18	Levilactobacillus	Levilactobacillus brevis	LAB	100.0	0.04	Subread	544984569	8.137	10431	751215141	226.5	312.2	Levilactobacillus	Levilactobacillus brevis
HN00175004_GS00024	2345735	1	2345735	1	2345735	35.2	1	100.0	Lactococcus	Lactococcus lactis	LAB	100.0	0.61	Subread	764563124	8.433	10568	1007202565	325.9	429.4	Lactococcus	Lactococcus lactis
HN00175004_GS00026	3765494	1	3765494	1	3765494	41.41	1	100.0	Bacillus	Bacillus altitudinis	Bacillus_group	100.0	0.02	Subread	712985219	8.417	10612	767458177	189.3	203.8	Bacillus	Bacillus altitudinis
HN00175004_MK2-49	4024627	2	2729455	1	2729455	38.76	2	100.0	Proteus	Proteus mirabilis	Other_Environmental	100.0	0.61	Subread	706498592	7.845	9856	887679376	175.5	220.6	Proteus	Proteus mirabilis
HN00175486_F1015	3071626	3	2936630	1	2936630	33.15	3	100.0	Staphylococcus	Staphylococcus gallinarum	Other_Environmental	99.99	0.18	Subread	995742737	9.258	11218	907972334	324.2	295.6	Staphylococcus	Staphylococcus gallinarum
HN00175486_F1049	2614876	1	2614876	1	2614876	32.8	1	100.0	Mammaliicoccus	Mammaliicoccus vitulinus	Other_Environmental	99.95	0.07	Subread	1038519272	9.525	11457	1021217503	397.2	390.5	Mammaliicoccus	Mammaliicoccus vitulinus
HN00175486_F1319	4164083	1	4164083	1	4164083	43.26	1	100.0	Bacillus	Bacillus subtilis	Bacillus_group	100.0	0.06	Subread	1051911659	9.016	10914	766004827	252.6	184.0	Bacillus	Bacillus subtilis
HN00175486_F1320	4221920	2	4213970	1	4213970	43.36	1	99.81	Bacillus	Bacillus subtilis	Bacillus_group	100.0	0.16	Subread	1004601029	8.944	11084	773335102	237.9	183.2	Bacillus	Bacillus subtilis
HN00175486_F1321	4189152	3	4127735	1	4127735	43.18	2	99.72	Bacillus	Bacillus subtilis	Bacillus_group	100.0	0.85	Subread	678500211	8.577	10554	783889769	162.0	187.1	Bacillus	Bacillus subtilis
HN00175486_F1331	3999342	1	3999342	1	3999342	46.47	1	100.0	Bacillus	Bacillus velezensis	Bacillus_group	100.0	0.06	Subread	905031688	10.11	12563	771984880	226.3	193.0	Bacillus	Bacillus velezensis
HN00175486_F1340	4164221	2	4114575	1	4114575	43.14	2	100.0	Bacillus	Bacillus subtilis	Bacillus_group	100.0	0.41	Subread	1095491541	9.167	10996	781383775	263.1	187.6	Bacillus	Bacillus subtilis
HN00175486_F3127	2923526	2	2897159	1	2897159	33.08	2	100.0	Staphylococcus	Staphylococcus xylosus	Other_Environmental	99.98	0.02	Subread	1008025754	9.935	12017	1011410466	344.8	346.0	Staphylococcus	Staphylococcus xylosus
HN00175486_F3142	3749118	1	3749118	1	3749118	41.64	1	100.0	Bacillus	Bacillus pumilus	Bacillus_group	100.0	0.01	Subread	1146162190	9.156	10868	766120629	305.7	204.3	Bacillus	Bacillus pumilus
HN00175486_F3161	4010994	1	4010994	1	4010994	43.62	1	100.0	Bacillus	Bacillus subtilis	Bacillus_group	100.0	0.26	Subread	858012672	9.107	10791	744741112	213.9	185.7	Bacillus	Bacillus subtilis
HN00175486_F3168	4585641	1	4585641	1	4585641	45.74	1	100.0	Bacillus	Bacillus paralicheniformis	Bacillus_group	100.0	0.1	Subread	1219281745	9.06	10766	912765790	265.9	199.0	Bacillus	Bacillus paralicheniformis
HN00175486_F3177	2613165	4	2516066	1	2516066	32.59	4	100.0	Staphylococcus	Staphylococcus cohnii	Other_Environmental	100.0	0.18	Subread	1045446433	9.934	12062	1070418115	400.1	409.6	Staphylococcus	Staphylococcus cohnii
HN00175486_F3230	3927039	3	3786017	1	3786017	41.3	3	100.0	Bacillus	Bacillus aerophilus	Bacillus_group	100.0	0.12	Subread	1422160387	9.036	10745	836457844	362.1	213.0	Bacillus	Bacillus aerophilus
HN00175486_F3232	2934121	3	2639105	1	2639105	38.03	2	99.67	Enterococcus	Enterococcus lactis	LAB	100.0	0.42	Subread	898930381	9.047	10641	976267653	306.4	332.7	Enterococcus	Enterococcus lactis
HN00175486_GS00022	3773238	1	3773238	1	3773238	41.67	1	100.0	Bacillus	Bacillus safensis	Bacillus_group	100.0	0.1	Subread	1017546695	9.408	11435	787668047	269.7	208.8	Bacillus	Bacillus safensis
HN00175796_F3300	3881456	1	3881456	1	3881456	46.68	1	100.0	Bacillus	Bacillus velezensis	Bacillus_group	100.0	0.0	Subread	1470112691	9.324	11280	625471811	378.8	161.1	Bacillus	Bacillus velezensis
HN00175796_F3301	4029762	3	3833542	1	3833542	41.5	3	100.0	Bacillus	Bacillus safensis	Bacillus_group	100.0	0.05	Subread	1040263011	9.176	10989	635672085	258.1	157.7	Bacillus	Bacillus safensis
HN00175796_F3306	4381229	1	4381229	1	4381229	45.93	1	100.0	Bacillus	Bacillus paralicheniformis	Bacillus_group	100.0	0.02	Subread	810242884	9.126	11119	667080905	184.9	152.3	Bacillus	Bacillus paralicheniformis
HN00175796_F3307	3737292	1	3737292	1	3737292	41.37	1	100.0	Bacillus	Bacillus altitudinis	Bacillus_group	100.0	0.01	Subread	1379418835	8.974	10544	769249659	369.1	205.8	Bacillus	Bacillus altitudinis
HN00175796_F3369	4521825	1	4521825	1	4521825	45.61	1	100.0	unresolved	Bacillus sp.	Unresolved	100.0	1.32	Subread	981923774	8.853	10665	581066239	217.2	128.5	unresolved	Bacillus sp.
HN00175796_F3370	4896446	2	4744789	1	4744789	44.95	2	100.0	unresolved	Bacillus sp.	Unresolved	100.0	0.92	Subread	1112467555	9.48	11358	689603924	227.2	140.8	unresolved	Bacillus sp.
HN00175796_F3371	4680256	2	4528599	1	4528599	45.81	2	100.0	Bacillus	Bacillus glycinifermentans	Bacillus_group	100.0	0.19	Subread	1373581396	9.057	10752	677233638	293.5	144.7	Bacillus	Bacillus glycinifermentans
HN00175796_F3378	5537278	3	5237407	1	5237407	35.5	3	100.0	Bacillus	Bacillus paranthracis	Bacillus_group	100.0	0.0	Subread	1161631799	9.184	10834	783320494	209.8	141.5	Bacillus	Bacillus paranthracis
HN00175796_F3454	3794557	1	3794557	1	3794557	41.31	1	100.0	Bacillus	Bacillus altitudinis	Bacillus_group	100.0	0.1	Subread	1583310636	9.328	11088	810378365	417.3	213.6	Bacillus	Bacillus altitudinis
HN00175796_F3461	4253348	1	4253348	1	4253348	43.24	1	100.0	Bacillus	Bacillus subtilis	Bacillus_group	100.0	0.29	Subread	1379167962	9.37	11426	859021397	324.3	202.0	Bacillus	Bacillus subtilis
HN00175796_F3466	4059134	1	4059134	1	4059134	46.28	1	100.0	Bacillus	Bacillus velezensis	Bacillus_group	100.0	0.01	Subread	1320365366	9.914	12059	632216878	325.3	155.8	Bacillus	Bacillus velezensis
HN00175796_GS201401	3379225	10	3100388	1	3100388	44.31	7	98.94	Lactiplantibacillus	Lactiplantibacillus plantarum	LAB	100.0	1.15	Subread	733050768	9.034	11062	682649441	216.9	202.0	Lactiplantibacillus	Lactiplantibacillus plantarum
HN00175796_GS201402	3373889	10	3100388	1	3100388	44.33	7	99.18	Lactiplantibacillus	Lactiplantibacillus plantarum	LAB	100.0	1.07	Subread	921768332	9.085	11041	714932121	273.2	211.9	Lactiplantibacillus	Lactiplantibacillus plantarum
HN00175796_GS41424	3873573	1	3873573	1	3873573	46.71	1	100.0	Bacillus	Bacillus velezensis	Bacillus_group	100.0	0.0	Subread	1261912704	9.399	11163	778727772	325.8	201.0	Bacillus	Bacillus velezensis
HN00175796_GS41425	3712199	1	3712199	1	3712199	41.61	1	100.0	Bacillus	Bacillus safensis	Bacillus_group	100.0	0.01	Subread	1280587533	9.232	11182	858803444	345.0	231.3	Bacillus	Bacillus safensis
HN00176442_F3372	4611251	1	4611251	1	4611251	65.75	1	100.0	unresolved	Arthrobacter sp.	Unresolved	100.0	1.65	Subread	787295341	8.487	10762	1097248136	170.7	238.0	unresolved	Arthrobacter sp.
HN00176442_GS40304	2082296	4	2004919	1	2004919	37.57	3	99.26	Leuconostoc	Leuconostoc mesenteroides	LAB	99.99	0.99	Subread	846272015	8.857	10513	1042936618	406.4	500.9	Leuconostoc	Leuconostoc mesenteroides
HN00176442_GS40306	5783089	3	5485913	1	5485913	35.19	3	100.0	Bacillus	Bacillus cereus	Bacillus_group	100.0	0.35	Subread	1068332458	9.137	10891	1017179487	184.7	175.9	Bacillus	Bacillus cereus
HN00176442_GS41429	2405819	5	2298470	1	2298470	45.84	3	99.18	Levilactobacillus	Levilactobacillus brevis	LAB	99.99	0.04	Subread	558244585	9.338	11370	870424674	232.0	361.8	Levilactobacillus	Levilactobacillus brevis
HN00176442_GSY0003	3778858	1	3778858	1	3778858	41.68	1	100.0	Bacillus	Bacillus safensis	Bacillus_group	100.0	0.03	Subread	1164598213	8.364	9945	1223516761	308.2	323.8	Bacillus	Bacillus safensis
HN00176442_GSY0007	4128020	2	4043412	1	4043412	43.68	2	100.0	Bacillus	Bacillus subtilis	Bacillus_group	100.0	0.21	Subread	759442749	9.186	11288	953843502	184.0	231.1	Bacillus	Bacillus subtilis
HN00176442_GSY0017	3873581	1	3873581	1	3873581	46.71	1	100.0	Bacillus	Bacillus velezensis	Bacillus_group	100.0	0.0	Subread	801142527	9.027	10917	1014874772	206.8	262.0	Bacillus	Bacillus velezensis
HN00179262_F4055	5337597	1	5337597	1	5337597	57.4	1	100.0	Klebsiella	Klebsiella pneumoniae	Other_Environmental	100.0	0.1	Subread	741910582	8.77	10843	2404383921	139.0	450.5	Klebsiella	Klebsiella pneumoniae
HN00179262_F4206	1945133	1	1945133	1	1945133	42.26	1	100.0	Pediococcus	Pediococcus acidilactici	LAB	99.98	0.0	Subread	798825645	9.967	12091	1903202710	410.7	978.4	Pediococcus	Pediococcus acidilactici
HN00179262_F4454	4585639	1	4585639	1	4585639	45.74	1	100.0	Bacillus	Bacillus paralicheniformis	Bacillus_group	100.0	0.1	Subread	1061887224	9.456	11608	2133335015	231.6	465.2	Bacillus	Bacillus paralicheniformis
HN00179328_F2309-1	3794480	3	3723952	1	3723952	41.33	3	100.0	Bacillus	Bacillus altitudinis	Bacillus_group	100.0	0.02	Subread	992103817	9.12	11045	1044442700	261.5	275.3	Bacillus	Bacillus altitudinis
HN00179328_F2317	3837379	1	3837379	1	3837379	41.53	1	100.0	Bacillus	Bacillus safensis	Bacillus_group	100.0	0.03	Subread	1029613433	9.068	10899	891531608	268.3	232.3	Bacillus	Bacillus safensis
HN00179328_K040706	2045236	2	1977302	1	1977302	41.17	2	100.0	Latilactobacillus	Latilactobacillus sakei	LAB	100.0	0.36	Subread	852256779	9.21	11150	929920175	416.7	454.7	Latilactobacillus	Latilactobacillus sakei
HN00179328_KMGR2-43	2833095	8	2555628	1	2555628	34.9	5	98.67	Lactococcus	Lactococcus lactis	LAB	100.0	0.83	Subread	1101667812	6.043	9624	975081888	388.9	344.2	Lactococcus	Lactococcus lactis
HN00180670_CHKJ1115-02	2892224	4	2634989	1	2634989	38.29	2	99.21	Enterococcus	Enterococcus faecium	LAB	100.0	0.47	Subread	1138514794	8.809	10432	930612737	393.6	321.8	Enterococcus	Enterococcus faecium
HN00180670_CHKJ1127	2987698	3	2693516	1	2693516	38.13	3	100.0	Lactococcus	Lactococcus lactis	LAB	100.0	0.71	Subread	4376262388	5.327	7479	830045963	1464.8	277.8	Enterococcus	Enterococcus lactis
HN00180670_CHKJ1223-2	2966783	4	2680907	1	2680907	38.16	2	99.56	Enterococcus	Enterococcus faecium	LAB	100.0	0.47	Subread	1141835416	9.33	11164	802172970	384.9	270.4	Enterococcus	Enterococcus lactis
HN00180670_F2080	2755076	2	2589834	1	2589834	38.29	2	100.0	Enterococcus	Enterococcus lactis	LAB	100.0	0.46	Subread	786355271	8.904	10529	992110510	285.4	360.1	Enterococcus	Enterococcus lactis
HN00180670_F2121	2756152	2	2590910	1	2590910	38.28	2	100.0	Enterococcus	Enterococcus lactis	LAB	100.0	0.46	Subread	1098426775	9.408	11238	795929472	398.5	288.8	Enterococcus	Enterococcus lactis
HN00180670_K40327	2685269	1	2685269	1	2685269	37.8	1	100.0	Enterococcus	Enterococcus faecalis	LAB	100.0	0.07	Subread	947453788	9.366	11052	788568754	352.8	293.7	Enterococcus	Enterococcus faecalis
HN00180670_MK1-10	2764464	2	2605493	1	2605493	38.02	2	100.0	Enterococcus	Enterococcus faecium	LAB	100.0	0.38	Subread	859156546	8.718	10387	859536527	310.8	310.9	Enterococcus	Enterococcus faecium
HN00180670_MK1-12	2907802	2	2730102	1	2730102	38.08	2	100.0	Enterococcus	Enterococcus faecium	LAB	100.0	0.23	Subread	874774140	8.985	10664	692544295	300.8	238.2	Enterococcus	Enterococcus lactis
HN00180670_MK1-13	2774598	2	2719442	1	2719442	37.6	2	100.0	Enterococcus	Enterococcus faecalis	LAB	99.99	0.16	Subread	860591926	9.431	11270	1040334375	310.2	374.9	Enterococcus	Enterococcus faecalis
HN00180670_MK1-18	2637936	2	2463348	1	2463348	38.12	2	100.0	Enterococcus	Enterococcus faecium	LAB	100.0	0.82	Subread	1142252297	9.127	10939	852617528	433.0	323.2	Enterococcus	Enterococcus faecium
HN00180670_MK1-34	2809453	2	2740556	1	2740556	37.6	2	100.0	Enterococcus	Enterococcus faecalis	LAB	99.99	0.04	Subread	971912697	9.393	11257	823820679	345.9	293.2	Enterococcus	Enterococcus faecalis
HN00180670_MK1-9	2774598	2	2719442	1	2719442	37.6	2	100.0	Enterococcus	Enterococcus faecalis	LAB	99.99	0.16	Subread	1080323533	9.016	10752	881252827	389.4	317.6	Enterococcus	Enterococcus faecalis
HN00180670_MK2-12	2860165	3	2734027	1	2734027	37.6	3	100.0	Enterococcus	Enterococcus faecalis	LAB	100.0	0.16	Subread	801005834	8.637	10407	853763259	280.1	298.5	Enterococcus	Enterococcus faecalis
HN00180670_MK2-3	2812972	3	2755770	1	2755770	37.61	2	99.52	Enterococcus	Enterococcus faecalis	LAB	99.99	0.05	Subread	799792784	8.903	10749	804611036	284.3	286.0	Enterococcus	Enterococcus faecalis
HN00180670_MK2-6	2774598	2	2719442	1	2719442	37.6	2	100.0	Enterococcus	Enterococcus faecalis	LAB	99.99	0.16	Subread	755907534	8.906	10753	738645356	272.4	266.2	Enterococcus	Enterococcus faecalis
HN00195341_AMT-61016	2529474	7	2335774	1	2335774	45.7	5	99.22	Levilactobacillus	Levilactobacillus brevis	LAB	99.99	0.17	HiFi	1517133587	9.81	10853	692426950	599.8	273.7	Levilactobacillus	Levilactobacillus brevis
HN00195341_CHKJ1253026	4082218	1	4082218	1	4082218	43.8	1	100.0	Bacillus	Bacillus subtilis	Bacillus_group	100.0	0.04	HiFi	1660194853	10.368	11487	850210840	406.7	208.3	Bacillus	Bacillus subtilis
HN00195341_DK250101	2431668	2	2392812	1	2392812	45.02	2	100.0	Weissella	Weissella cibaria	LAB	99.99	0.82	HiFi	1099476684	9.77	10771	778691546	452.1	320.2	Weissella	Weissella cibaria
HN00195341_DK250105	2155455	3	2093130	1	2093130	37.03	2	99.35	Leuconostoc	Leuconostoc mesenteroides	LAB	100.0	0.99	HiFi	1565323952	10.391	11448	722650022	726.2	335.3	Leuconostoc	Leuconostoc mesenteroides
HN00195341_DK250126	3311585	7	3100134	1	3100134	44.41	6	99.43	Lactiplantibacillus	Lactiplantibacillus plantarum	LAB	100.0	0.95	HiFi	1010441468	9.699	10790	687259723	305.1	207.5	Lactiplantibacillus	Lactiplantibacillus plantarum
HN00195341_DK250312	3297670	8	3100388	1	3100388	44.41	5	98.92	Lactiplantibacillus	Lactiplantibacillus plantarum	LAB	100.0	1.19	HiFi	1027991834	9.609	10687	691630297	311.7	209.7	Lactiplantibacillus	Lactiplantibacillus plantarum
HN00195341_DK50004	3297636	8	3100388	1	3100388	44.41	5	98.92	Lactiplantibacillus	Lactiplantibacillus plantarum	LAB	100.0	1.18	HiFi	1373224115	10.096	11191	730721854	416.4	221.6	Lactiplantibacillus	Lactiplantibacillus plantarum
HN00195341_DK50032	2677187	9	2373036	1	2373036	45.44	8	99.74	Levilactobacillus	Levilactobacillus brevis	LAB	100.0	0.89	HiFi	1244320402	9.518	10526	709835305	464.8	265.1	Levilactobacillus	Levilactobacillus brevis
HN00195341_G2-10	1843247	2	1785475	1	1785475	37.34	2	100.0	Pediococcus	Pediococcus pentosaceus	LAB	100.0	0.12	HiFi	1257831239	10.062	11128	711591957	682.4	386.1	Pediococcus	Pediococcus pentosaceus
HN00195341_G3-29	2106126	5	1991095	1	1991095	37.66	3	98.31	Leuconostoc	Leuconostoc mesenteroides	LAB	99.99	0.4	HiFi	1202882638	9.756	10782	709444800	571.1	336.8	Leuconostoc	Leuconostoc mesenteroides
HN00195341_JJ1-135	1999801	1	1999801	1	1999801	42.38	1	100.0	Pediococcus	Pediococcus acidilactici	LAB	100.0	0.9	HiFi	987459226	9.504	10631	680204168	493.8	340.1	Pediococcus	Pediococcus acidilactici
HN00196390_AMT-60411	2016687	2	2011026	1	2011026	37.19	1	99.72	Leuconostoc	Leuconostoc mesenteroides	LAB	99.99	0.15	HiFi	380878913	7.569	8488	1721033540	188.9	853.4	Leuconostoc	Leuconostoc mesenteroides
HN00196390_CHKJ1122	2987760	3	2693518	1	2693518	38.13	3	100.0	Lactococcus	Lactococcus lactis	LAB	100.0	0.71	HiFi	488270790	8.466	9516	1284149370	163.4	429.8	Enterococcus	Enterococcus lactis
HN00196390_DK250125	2343425	6	2289836	1	2289836	44.67	2	99.01	Weissella	Weissella confusa	LAB	100.0	2.11	HiFi	434368712	8.136	9230	1243158373	185.4	530.5	Weissella	Weissella confusa
HN00196390_F2132	4040078	1	4040078	1	4040078	46.01	1	100.0	Bacillus	Bacillus velezensis	Bacillus_group	100.0	0.34	HiFi	466562939	7.867	9008	1389572918	115.5	343.9	Bacillus	Bacillus velezensis
HN00196390_F2151	3956407	1	3956407	1	3956407	46.56	1	100.0	Bacillus	Bacillus velezensis	Bacillus_group	100.0	0.08	HiFi	484361343	8.384	9729	1191333514	122.4	301.1	Bacillus	Bacillus velezensis
HN00196390_K200109	2548131	5	2492952	1	2492952	44.76	2	98.64	Weissella	Weissella cibaria	LAB	100.0	0.79	HiFi	218923730	7.012	7832	1231859679	85.9	483.4	Weissella	Weissella cibaria
HN00196390_K200234	2032781	5	1915563	1	1915563	41.92	4	99.46	Latilactobacillus	Latilactobacillus curvatus	LAB	100.0	0.06	HiFi	173422971	7.001	7850	1250392979	85.3	615.1	Latilactobacillus	Latilactobacillus curvatus
HN00196390_K40028	2426054	4	2310501	1	2310501	35.16	3	99.66	Lactococcus	Lactococcus lactis	LAB	100.0	0.66	HiFi	289076707	7.32	8242	1238499247	119.2	510.5	Lactococcus	Lactococcus lactis
HN00196390_K40049	2029730	3	1956728	1	1956728	41.13	2	99.49	Latilactobacillus	Latilactobacillus sakei	LAB	99.99	0.1	HiFi	97006154	6.456	7134	1249108035	47.8	615.4	Latilactobacillus	Latilactobacillus sakei
HN00196390_KFT18	2599438	1	2599438	1	2599438	38.51	1	100.0	Enterococcus	Enterococcus lactis	LAB	100.0	0.06	HiFi	501656040	8.449	9520	842629132	193.0	324.2	Enterococcus	Enterococcus lactis
HN00196822_AMT-60612	1929663	1	1929663	1	1929663	41.89	1	100.0	Latilactobacillus	Latilactobacillus curvatus	LAB	100.0	0.09	HiFi	144273900	7.38	8495	748916052	74.8	388.1	Latilactobacillus	Latilactobacillus curvatus
HN00196822_AMT-86113	2461113	5	2404162	1	2404162	44.97	2	99.0	Weissella	Weissella cibaria	LAB	99.99	1.11	HiFi	82402713	7.257	8342	933643822	33.5	379.4	Weissella	Weissella cibaria
HN00196822_K200228	2523191	2	2451737	1	2451737	34.99	2	100.0	Lactococcus	Lactococcus lactis	LAB	100.0	0.54	HiFi	115980487	6.682	7544	724130519	46.0	287.0	Lactococcus	Lactococcus lactis
HN00196822_K40725	3317165	5	3214386	1	3214386	44.35	3	99.4	Lactiplantibacillus	Lactiplantibacillus plantarum	LAB	100.0	0.55	HiFi	216413240	7.51	8514	487272819	65.2	146.9	Lactiplantibacillus	Lactiplantibacillus plantarum
HN00200515_AMT-62920	2006516	3	1954051	1	1954051	41.12	2	99.26	Latilactobacillus	Latilactobacillus sakei	LAB	100.0	0.33	HiFi	430310189	7.788	8737	960433015	214.5	478.7	Latilactobacillus	Latilactobacillus sakei
HN00200515_AMT-73813	1916133	4	1835156	1	1835156	37.42	2	98.8	Pediococcus	Pediococcus pentosaceus	LAB	100.0	0.27	HiFi	431677805	7.863	8790	1239550247	225.3	646.9	Pediococcus	Pediococcus pentosaceus
HN00200515_AMT-74226	3264934	4	3142525	1	3142525	44.42	3	99.77	Lactiplantibacillus	Lactiplantibacillus plantarum	LAB	100.0	0.51	HiFi	414412888	7.479	8412	1013160173	126.9	310.3	Lactiplantibacillus	Lactiplantibacillus plantarum
HN00200515_DKM250103	2027949	3	1965694	1	1965694	37.73	2	99.05	Leuconostoc	Leuconostoc mesenteroides	LAB	100.0	0.31	HiFi	312989773	7.313	8283	958220682	154.3	472.5	Leuconostoc	Leuconostoc mesenteroides
HN00200515_GS00003	2405825	5	2298476	1	2298476	45.84	3	99.18	Levilactobacillus	Levilactobacillus brevis	LAB	100.0	0.04	HiFi	441534650	7.784	8755	965313412	183.5	401.2	Levilactobacillus	Levilactobacillus brevis
HN00200515_GS00008	2510359	4	2462906	1	2462906	44.93	2	99.16	Weissella	Weissella cibaria	LAB	99.99	0.93	HiFi	155937023	7.011	7974	1168438113	62.1	465.4	Weissella	Weissella cibaria
HN00200515_GS00049	2495625	2	2429268	1	2429268	35.2	2	100.0	Lactococcus	Lactococcus lactis	LAB	100.0	0.47	HiFi	282331193	7.508	8500	1063994464	113.1	426.3	Lactococcus	Lactococcus lactis
HN00200515_GS200102	2405807	5	2298458	1	2298458	45.84	3	99.18	Levilactobacillus	Levilactobacillus brevis	LAB	99.99	0.04	HiFi	443337598	7.92	8877	1169383279	184.3	486.1	Levilactobacillus	Levilactobacillus brevis
HN00200515_GS200141	2004223	4	1952845	1	1952845	41.07	2	99.19	Latilactobacillus	Latilactobacillus sakei	LAB	100.0	0.32	HiFi	320591988	7.321	8263	1145563834	160.0	571.6	Latilactobacillus	Latilactobacillus sakei
HN00200515_K40006	2473210	4	2428200	1	2428200	44.99	2	99.49	Weissella	Weissella cibaria	LAB	99.98	1.2	HiFi	341154557	7.371	8347	1128401438	137.9	456.2	Weissella	Weissella cibaria
HN00200515_KY0001	3403064	9	3212973	1	3212973	44.37	5	98.94	Lactiplantibacillus	Lactiplantibacillus plantarum	LAB	100.0	1.04	HiFi	269399787	6.702	7597	1369728749	79.2	402.5	Lactiplantibacillus	Lactiplantibacillus plantarum
HN00200515_KY0017	2064168	1	2064168	1	2064168	38.14	1	100.0	Weissella	Weissella paramesenteroides	LAB	100.0	0.17	HiFi	142665673	6.11	6747	1005255041	69.1	487.0	Weissella	Weissella paramesenteroides
HN00200749_GS00038	2405807	5	2298458	1	2298458	45.84	3	99.18	Levilactobacillus	Levilactobacillus brevis	LAB	99.99	0.04	HiFi	412858611	9.201	10336	1605076294	171.6	667.2	Levilactobacillus	Levilactobacillus brevis
HN00200749_K200115	1970100	3	1936199	1	1936199	41.03	2	99.66	Latilactobacillus	Latilactobacillus sakei	LAB	99.99	0.32	HiFi	379514829	8.685	9839	2032538541	192.6	1031.7	Latilactobacillus	Latilactobacillus sakei
HN00200749_K42834	2013652	2	1975593	1	1975593	41.84	2	100.0	Latilactobacillus	Latilactobacillus curvatus	LAB	99.99	0.29	HiFi	806271062	9.67	10726	1848530126	400.4	918.0	Latilactobacillus	Latilactobacillus curvatus
HN00200749_KK200119	2500756	5	2380821	1	2380821	35.11	3	99.0	Lactococcus	Lactococcus lactis	LAB	100.0	0.64	HiFi	711655079	9.486	10533	1974044860	284.6	789.4	Lactococcus	Lactococcus lactis
HN00200749_MK2-46	2056821	1	2056821	1	2056821	38.22	1	100.0	unresolved	Lactococcus sp.	Unresolved	99.99	0.08	HiFi	755119918	9.488	10542	2178548498	367.1	1059.2	unresolved	Lactococcus sp.
HN00200749_T10-11	3250884	2	3243663	1	3243663	44.5	1	99.78	Lactiplantibacillus	Lactiplantibacillus plantarum	LAB	100.0	0.56	HiFi	733940201	9.627	10701	1983310964	225.8	610.1	Lactiplantibacillus	Lactiplantibacillus plantarum
HN00203775_CHKJ1253002	4082205	1	4082205	1	4082205	43.8	1	100.0	Bacillus	Bacillus subtilis	Bacillus_group	100.0	0.04	HiFi	309827563	8.343	9446	1980583966	75.9	485.2	Bacillus	Bacillus subtilis
HN00203775_F2100	2762495	3	2589817	1	2589817	38.27	2	99.73	Enterococcus	Enterococcus lactis	LAB	100.0	0.46	HiFi	335810351	8.619	9714	2110170700	121.6	763.9	Enterococcus	Enterococcus lactis
HN00203775_F4043	3195457	1	3195457	1	3195457	44.6	1	100.0	Lactiplantibacillus	Lactiplantibacillus plantarum	LAB	100.0	0.41	HiFi	291666515	8.225	9304	1967232901	91.3	615.6	Lactiplantibacillus	Lactiplantibacillus plantarum
HN00203775_F4202	2875064	4	2600226	1	2600226	38.12	2	99.31	Enterococcus	Enterococcus lactis	LAB	100.0	0.22	HiFi	336039467	8.459	9562	2244951051	116.9	780.8	Enterococcus	Enterococcus lactis
HN00203775_F4207	1933832	1	1933832	1	1933832	42.3	1	100.0	Pediococcus	Pediococcus acidilactici	LAB	99.98	0.0	HiFi	357684628	8.512	9608	2246361583	185.0	1161.6	Pediococcus	Pediococcus acidilactici
HN00204805_CHKJ1211-1	5358940	2	5322731	1	5322731	35.44	2	100.0	Bacillus	Bacillus tropicus	Bacillus_group	100.0	0.01	HiFi	493993603	9.59	10741	1672675407	92.2	312.1	Bacillus	Bacillus tropicus
HN00204805_F1208	5359256	9	4928125	1	4928125	36.68	6	99.57	Priestia	Priestia filamentosa	Bacillus_group	100.0	1.24	HiFi	442114428	9.232	10312	1828255459	82.5	341.1	Priestia	Priestia filamentosa
HN00204805_F1249-1	3890597	1	3890597	1	3890597	46.7	1	100.0	Bacillus	Bacillus velezensis	Bacillus_group	100.0	0.0	HiFi	556657866	9.716	10937	2064467356	143.1	530.6	Bacillus	Bacillus velezensis
HN00204805_FA0221	4297355	2	4290925	1	4290925	43.13	1	99.85	Bacillus	Bacillus atrophaeus	Bacillus_group	100.0	0.11	HiFi	504335691	9.678	10946	1871405385	117.4	435.5	Bacillus	Bacillus atrophaeus
HN00215192_CH2-11	3159857	5	3131504	1	3131504	46.99	1	99.1	unresolved	Psychrobacter sp.	Unresolved	100.0	0.01	HiFi	791648225	7.753	8718	2725957125	250.5	862.7	unresolved	Psychrobacter sp.
HN00222446_AMT-87013	2051296	2	2013931	1	2013931	37.63	2	100.0	Leuconostoc	Leuconostoc mesenteroides	LAB	100.0	0.27	HiFi	311062769	6.963	7959	2057553467	151.6	1003.1	Leuconostoc	Leuconostoc mesenteroides
HN00222446_AMT73616	3430267	10	3159907	1	3159907	44.27	5	98.48	Lactiplantibacillus	Lactiplantibacillus plantarum	LAB	100.0	2.05	HiFi	396075416	7.603	8614	2786972951	115.5	812.5	Lactiplantibacillus	Lactiplantibacillus plantarum
HN00222446_CH2-30	3180053	8	3131504	1	3131504	46.94	1	98.47	unresolved	Psychrobacter sp.	Unresolved	100.0	0.01	HiFi	455654947	7.782	9054	2013635344	143.3	633.2	unresolved	Psychrobacter sp.
HN00222446_CHKJ1408	4761294	2	4755218	1	4755218	45.42	1	99.87	Bacillus	Bacillus paralicheniformis	Bacillus_group	100.0	0.26	HiFi	800240976	7.405	8589	2449063731	168.1	514.4	Bacillus	Bacillus paralicheniformis
HN00222446_FA0107	3925899	1	3925899	1	3925899	46.25	1	100.0	Bacillus	Bacillus velezensis	Bacillus_group	100.0	0.42	HiFi	514156650	7.421	8545	2418824404	131.0	616.1	Bacillus	Bacillus velezensis
HN00222446_FA0422	4055991	1	4055991	1	4055991	46.12	1	100.0	Bacillus	Bacillus velezensis	Bacillus_group	100.0	0.24	HiFi	447757278	7.446	8647	2294465492	110.4	565.7	Bacillus	Bacillus velezensis
HN00222446_FA0508	8049883	2	7724370	1	7724370	46.99	2	100.0	unresolved	Paenibacillus sp.	Unresolved	100.0	0.3	HiFi	512645036	7.514	8658	2241954887	63.7	278.5	unresolved	Paenibacillus sp.
HN00222446_GS40726	2405807	5	2298458	1	2298458	45.84	3	99.18	Levilactobacillus	Levilactobacillus brevis	LAB	99.99	0.04	HiFi	345363830	7.245	8347	2368999372	143.6	984.7	Levilactobacillus	Levilactobacillus brevis
HN00222446_GSY0035	3932592	1	3932592	1	3932592	46.53	1	100.0	Bacillus	Bacillus velezensis	Bacillus_group	100.0	0.0	HiFi	439146551	7.11	8203	2685014753	111.7	682.8	Bacillus	Bacillus velezensis
HN00222446_JJ1-101	2422092	1	2422092	1	2422092	73.0	1	100.0	Micrococcus	Micrococcus luteus	Other_Environmental	99.99	0.0	HiFi	222445085	7.481	8713	1098780537	91.8	453.6	Micrococcus	Micrococcus luteus
HN00222446_KO11-19	2793862	4	2718825	1	2718825	33.09	3	99.55	Staphylococcus	Staphylococcus equorum	Other_Environmental	99.89	0.13	HiFi	648223297	8.104	9335	3031087044	232.0	1084.9	Staphylococcus	Staphylococcus equorum
HN00222446_Sea08-36	5986484	1	5986484	1	5986484	53.61	1	100.0	Paenibacillus	Paenibacillus chitinolyticus	Bacillus_group	98.29	0.11	HiFi	356960904	7.054	8215	2595756881	59.6	433.6	Paenibacillus	Paenibacillus chitinolyticus
HN00222446_T1-19	4035134	1	4035134	1	4035134	43.52	1	100.0	Bacillus	Bacillus subtilis	Bacillus_group	100.0	0.06	HiFi	486939570	6.882	7877	2320102299	120.7	575.0	Bacillus	Bacillus subtilis
HN00223109_AMT-912213	2511335	6	2447501	1	2447501	44.78	2	98.3	Weissella	Weissella cibaria	LAB	100.0	1.53	HiFi	274613219	7.482	8348	2955868721	109.3	1177.0	Weissella	Weissella cibaria
HN00223109_MK1-41	2636567	2	2463348	1	2463348	38.12	2	100.0	Enterococcus	Enterococcus faecium	LAB	100.0	0.82	HiFi	552980518	7.566	8548	2580999624	209.7	978.9	Enterococcus	Enterococcus faecium
HN00223109_T7-42	2001077	5	1912377	1	1912377	42.23	2	98.01	Pediococcus	Pediococcus acidilactici	LAB	99.99	0.01	HiFi	687566021	8.295	9425	2748402713	343.6	1373.5	Pediococcus	Pediococcus acidilactici
HN00223109_TPP6047	3930031	1	3930031	1	3930031	46.53	1	100.0	Bacillus	Bacillus velezensis	Bacillus_group	100.0	0.02	HiFi	1008421435	11.22	12391	2281946101	256.6	580.6	Bacillus	Bacillus velezensis
HN00226248_AMT-63123	3334760	6	3159907	1	3159907	44.36	4	99.45	Lactiplantibacillus	Lactiplantibacillus plantarum	LAB	100.0	1.62	HiFi	516240844	6.586	7542	3297858749	154.8	988.9	Lactiplantibacillus	Lactiplantibacillus plantarum
HN00226248_TPP3038	3965611	1	3965611	1	3965611	46.6	1	100.0	Bacillus	Bacillus velezensis	Bacillus_group	100.0	0.0	HiFi	590495296	7.847	9014	3261554234	148.9	822.5	Bacillus	Bacillus velezensis
HN00234071_Bifi-B2104	1944085	1	1944085	1	1944085	60.49	1	100.0	Bifidobacterium	Bifidobacterium animalis	Other_Environmental	99.91	0.19	HiFi	844677455	7.365	8750	3011324426	434.5	1549.0	Bifidobacterium	Bifidobacterium animalis
HN00251139_BGIL25015	4327994	1	4327994	1	4327994	44.82	1	100.0	Shouchella	Shouchella clausii	Bacillus_group	100.0	0.76	HiFi	576089916	7.249	8467	2923918328	133.1	675.6	Shouchella	Shouchella clausii
HN00251139_BGIL25041	3949592	2	3897716	1	3897716	40.53	2	100.0	Shouchella	Shouchella miscanthi	Bacillus_group	99.93	0.48	HiFi	469131563	6.95	8090	3004946700	118.8	760.8	Shouchella	Shouchella miscanthi
HN00251139_BJS25001	2803017	2	2743073	1	2743073	46.71	2	100.0	Salimicrobium	Salimicrobium jeotgali	Other_Environmental	99.95	0.51	HiFi	330427460	6.724	7829	2867481408	117.9	1023.0	Salimicrobium	Salimicrobium jeotgali
HN00251139_BJS25005	3307036	7	2980045	1	2980045	63.58	4	98.84	Octadecabacter	Octadecabacter arcticus	Other_Environmental	100.0	0.01	HiFi	332778967	6.421	7339	2882908510	100.6	871.7	Thalassorhabdomicrobium	Thalassorhabdomicrobium marinisediminis
HN00251139_BJS25013	2916441	1	2916441	1	2916441	71.03	1	100.0	Janibacter	Janibacter melonis	Other_Environmental	100.0	0.29	HiFi	239970725	6.462	7486	2205288991	82.3	756.2	Marihabitans	Marihabitans asiaticum
HN00251139_BJS25028	2553266	2	2504721	1	2504721	49.46	2	100.0	unresolved	Salinicoccus sp.	Unresolved	99.98	0.87	HiFi	541867772	7.798	9361	2836885293	212.2	1111.1	unresolved	Salinicoccus sp.
HN00251139_BJS25031	5121198	3	5009311	1	5009311	45.84	3	100.0	Bacillus	Bacillus infantis	Bacillus_group	100.0	0.56	HiFi	393425421	6.929	8033	2978056381	76.8	581.5	Bacillus	Bacillus infantis
HN00251139_BJS25032	2941202	2	2912814	1	2912814	71.17	2	100.0	Serinicoccus	Serinicoccus profundi	Other_Environmental	100.0	0.08	HiFi	318802105	6.731	7975	2070153536	108.4	703.8	Marihabitans	Marihabitans asiaticum
HN00251139_BMX25005	4874752	1	4874752	1	4874752	41.61	1	100.0	Rossellomorea	Rossellomorea vietnamensis	Bacillus_group	100.0	0.4	HiFi	443715447	6.903	8044	3061249702	91.0	628.0	Rossellomorea	Rossellomorea vietnamensis
HN00251139_BMX25007	4281160	1	4281160	1	4281160	43.53	1	100.0	unresolved	Halobacillus sp.	Unresolved	100.0	0.2	HiFi	555448340	7.409	8651	2916292331	129.7	681.2	unresolved	Halobacillus sp.
HN00251139_BTH25001	2914078	2	2762687	1	2762687	38.34	2	100.0	Enterococcus	Enterococcus faecium	LAB	100.0	0.29	HiFi	440076842	6.99	8079	3119081354	151.0	1070.3	Enterococcus	Enterococcus lactis
HN00251139_BTH25041	2899331	1	2899331	1	2899331	70.21	1	100.0	Kocuria	Kocuria palustris	Other_Environmental	100.0	0.04	HiFi	321678582	7.107	8382	2419949485	110.9	834.7	Kocuria	Kocuria palustris
HN00251139_KCUT25010	3776343	1	3776343	1	3776343	39.58	1	100.0	unresolved	Virgibacillus sp.	Unresolved	93.6	0.5	HiFi	625691246	7.468	8775	2927763353	165.7	775.3	unresolved	Virgibacillus sp.
HN00251139_KJS25013	2853448	2	2795224	1	2795224	44.87	2	100.0	Uncultured	Uncultured delta	Other_Environmental	99.99	0.02	HiFi	493030895	7.243	8455	2938218972	172.8	1029.7	Uncultured	Uncultured delta
HN00251139_KJS25018	2868710	3	2827454	1	2827454	44.86	2	99.81	Psychrobacter	Psychrobacter pacificensis	Other_Environmental	99.97	0.01	HiFi	533260659	7.318	8545	2927284993	185.9	1020.4	Psychrobacter	Psychrobacter pacificensis
HN00251139_KJS25024	3375639	1	3375639	1	3375639	64.61	1	100.0	Halomonas	Halomonas elongata	Other_Environmental	99.97	0.33	HiFi	420795724	6.619	7716	2350456418	124.7	696.3	Halomonas	Halomonas elongata
HN00251139_KJS25025	2959308	1	2959308	1	2959308	65.16	1	100.0	Gordonia	Gordonia alkanivorans	Other_Environmental	99.98	0.22	HiFi	428131529	7.335	8738	2605904502	144.7	880.6	Nesterenkonia	Nesterenkonia koreensis
HN00251139_KYF25002	2544304	2	2485204	1	2485204	71.85	2	100.0	Kytococcus	Kytococcus sedentarius	Other_Environmental	99.98	0.0	HiFi	411050681	9.223	10668	2147188602	161.6	843.9	Kytococcus	Kytococcus sedentarius
HN00252244_BMX25010	2188155	2	2151327	1	2151327	36.37	2	100.0	Tetragenococcus	Tetragenococcus osmophilus	LAB	100.0	0.08	HiFi	1062554759	7.189	8282	3006347886	485.6	1373.9	Tetragenococcus	Tetragenococcus osmophilus
HN00280011_AMT-60913	3426020	7	3229058	1	3229058	44.21	4	99.31	Lactiplantibacillus	Lactiplantibacillus plantarum	LAB	100.0	0.7	HiFi	2582245202	8.022	9084	3049586160	753.7	890.1	Lactiplantibacillus	Lactiplantibacillus plantarum
HN00280011_AMT-62814-2	1999936	2	1964939	1	1964939	38.18	2	100.0	Weissella	Weissella paramesenteroides	LAB	99.99	0.4	HiFi	1670321767	7.534	8350	3001716222	835.2	1500.9	Weissella	Weissella paramesenteroides
HN00280011_AMT-74420	3288033	9	3126907	1	3126907	44.4	4	98.87	Lactiplantibacillus	Lactiplantibacillus plantarum	LAB	99.99	0.46	HiFi	2184333367	8.109	9087	3049466031	664.3	927.4	Lactiplantibacillus	Lactiplantibacillus plantarum
HN00280011_AMT-913617	1983342	2	1918546	1	1918546	38.74	2	100.0	Weissella	Weissella jogaejeotgali	LAB	99.97	0.28	HiFi	2169163987	9.537	11265	2486325268	1093.7	1253.6	Weissella	Weissella jogaejeotgali
HN00280011_BEG25026	2550983	1	2550983	1	2550983	36.09	1	100.0	Tetragenococcus	Tetragenococcus halophilus	LAB	100.0	0.09	HiFi	3467263745	11.884	14672	3343516037	1359.2	1310.7	Tetragenococcus	Tetragenococcus halophilus
HN00280011_BGIL25058	6932025	1	6932025	1	6932025	46.25	1	100.0	Paenibacillus	Paenibacillus amylolyticus	Bacillus_group	100.0	0.12	HiFi	3877019478	9.66	11384	2338339134	559.3	337.3	Paenibacillus	Paenibacillus amylolyticus
HN00280011_BSO25040	5002498	1	5002498	1	5002498	37.66	1	100.0	unresolved	Oceanobacillus sp.	Unresolved	100.0	3.31	HiFi	4417055049	9.486	11224	2637399798	883.0	527.2	unresolved	Oceanobacillus sp.
HN00280011_C3-36	3306654	2	3263620	1	3263620	63.81	2	100.0	Corynebacterium	Corynebacterium appendicis	Other_Environmental	100.0	0.35	HiFi	1228412698	12.078	16061	2048402738	371.5	619.5	Kocuria	Kocuria atrinae
HN00280011_C4-50	2858431	1	2858431	1	2858431	35.25	1	100.0	Enterococcus	Enterococcus faecium	LAB	100.0	0.58	HiFi	1243114258	11.504	14702	2846713789	434.9	995.9	Enterococcus	Enterococcus faecium
HN00280011_CHKJ1253001	4082214	1	4082214	1	4082214	43.8	1	100.0	Bacillus	Bacillus subtilis	Bacillus_group	100.0	0.05	HiFi	1033641244	11.608	15079	2326574134	253.2	569.9	Bacillus	Bacillus subtilis
HN00280011_CHKJ153021-2	4526147	1	4526147	1	4526147	45.64	1	100.0	Bacillus	Bacillus paralicheniformis	Bacillus_group	100.0	0.06	HiFi	2312181355	7.564	8735	2758767681	510.8	609.5	Bacillus	Bacillus paralicheniformis
HN00280011_F1016	3049513	5	3011700	1	3011700	43.11	1	98.76	Psychrobacter	Psychrobacter alimentarius	Other_Environmental	99.99	0.14	HiFi	1251893995	10.377	12809	3218330922	410.5	1055.4	Psychrobacter	Psychrobacter alimentarius
HN00280011_F1169-1	6256095	3	5792269	1	5792269	45.47	3	100.0	Paenibacillus	Paenibacillus urinalis	Bacillus_group	100.0	2.32	HiFi	1474384290	12.077	15387	2349021887	235.7	375.5	Paenibacillus	Paenibacillus urinalis
HN00280011_F2153	3898113	1	3898113	1	3898113	46.17	1	100.0	Bacillus	Bacillus velezensis	Bacillus_group	100.0	1.2	HiFi	1300231548	11.057	14223	2355749724	333.6	604.3	Bacillus	Bacillus velezensis
HN00280011_GS00031	2405807	5	2298458	1	2298458	45.84	3	99.18	Levilactobacillus	Levilactobacillus brevis	LAB	99.99	0.04	HiFi	1006963642	12.237	15020	2973178508	418.6	1235.8	Levilactobacillus	Levilactobacillus brevis
HN00280011_KCUT25001	4260081	1	4260081	1	4260081	36.57	1	100.0	Virgibacillus	Virgibacillus dokdonensis	Bacillus_group	100.0	0.55	HiFi	1494183615	11.844	14850	2712956774	350.7	636.8	Virgibacillus	Virgibacillus dokdonensis
HN00280011_KCUT25011	4196578	3	4187641	1	4187641	38.16	1	99.79	Virgibacillus	Virgibacillus halodenitrificans	Bacillus_group	99.95	0.23	HiFi	1438934128	11.104	14153	2884274931	342.9	687.3	Virgibacillus	Virgibacillus halodenitrificans
HN00280011_KCUT25019	3863017	2	3643615	1	3643615	41.63	2	100.0	Bacillus	Bacillus pumilus	Bacillus_group	100.0	1.19	HiFi	1401504021	11.528	14940	3160652105	362.8	818.2	Bacillus	Bacillus pumilus
HN00280011_KCUT25026	3858035	1	3858035	1	3858035	35.6	1	100.0	Oceanobacillus	Oceanobacillus iheyensis	Bacillus_group	100.0	0.18	HiFi	1249925788	9.965	12495	2720644708	324.0	705.2	Oceanobacillus	Oceanobacillus iheyensis
HN00280011_KJS25004	3793282	4	3778162	1	3778162	66.92	1	99.6	unresolved	Halomonas sp.	Unresolved	99.99	0.03	HiFi	832339608	10.08	12847	1159227434	219.4	305.6	unresolved	Halomonas sp.
HN00280011_KJS25048	3372718	7	3327160	1	3327160	43.13	1	98.65	unresolved	Psychrobacter sp.	Unresolved	100.0	0.26	HiFi	1248702074	11.14	14127	2506089642	370.2	743.0	unresolved	Psychrobacter sp.
HN00280011_KK200214	1712872	3	1644798	1	1644798	37.68	2	99.12	Leuconostoc	Leuconostoc mesenteroides	LAB	99.88	0.59	HiFi	733833238	7.211	8042	2513925964	428.4	1467.7	Leuconostoc	Leuconostoc mesenteroides
HN00280011_KYF25005	3692148	2	3687646	1	3687646	41.88	1	99.88	unresolved	Psychrobacter sp.	Unresolved	99.99	0.63	HiFi	1757660749	8.663	10088	2540072967	476.1	688.0	unresolved	Psychrobacter sp.
HN00280011_L11-28	6179316	1	6179316	1	6179316	47.28	1	100.0	Paenibacillus	Paenibacillus barcinonensis	Bacillus_group	100.0	0.01	HiFi	2006978880	7.243	8161	2644969754	324.8	428.0	Paenibacillus	Paenibacillus barcinonensis
HN00280011_L11-30	3697944	1	3697944	1	3697944	37.84	1	100.0	unresolved	Virgibacillus sp.	Unresolved	99.97	0.37	HiFi	1500091142	11.503	15068	2566435032	405.7	694.0	unresolved	Virgibacillus sp.
HN00280011_Sea9-11	5939710	5	5234126	1	5234126	35.16	4	99.85	Bacillus	Bacillus toyonensis	Bacillus_group	100.0	0.63	HiFi	353437449	9.131	11459	2253872043	59.5	379.5	Bacillus	Bacillus toyonensis
HN00281774_BMX25006	3894503	1	3894503	1	3894503	39.26	1	100.0	Oceanobacillus	Oceanobacillus kapialis	Bacillus_group	99.99	0.64	HiFi	1074713820	11.308	14474	3268297528	276.0	839.2	Oceanobacillus	Oceanobacillus kapialis
HN00281774_BSO25019	4655762	1	4655762	1	4655762	39.29	1	100.0	Oceanobacillus	Oceanobacillus oncorhynchi	Bacillus_group	100.0	1.28	HiFi	1155232609	13.009	17214	3135724150	248.1	673.5	Oceanobacillus	Oceanobacillus oncorhynchi
HN00281774_BSO25044	4072800	1	4072800	1	4072800	43.84	1	100.0	Bacillus	Bacillus subtilis	Bacillus_group	100.0	0.0	HiFi	2017363068	8.808	10816	3163823713	495.3	776.8	Bacillus	Bacillus subtilis
HN00281774_C4-31	2929508	1	2929508	1	2929508	69.93	1	100.0	Glutamicibacter	Glutamicibacter protophormiae	Other_Environmental	99.92	0.01	HiFi	1052388113	12.589	16572	2603429420	359.2	888.7	Glutamicibacter	Glutamicibacter protophormiae
HN00281774_KRS25004	2436464	4	2327693	1	2327693	45.11	3	99.19	unresolved	Salinicoccus sp.	Unresolved	99.95	0.4	HiFi	983601984	14.651	18462	3174771443	403.7	1303.0	unresolved	Salinicoccus sp.
HN00281774_Sea9-10	7185320	3	6947840	1	6947840	46.81	2	99.8	Paenibacillus	Paenibacillus xylanilyticus	Bacillus_group	100.0	0.49	HiFi	1298583349	10.693	13614	3068444465	180.7	427.0	Paenibacillus	Paenibacillus xylanilyticus
